Respondent.Serial,sample_group,idfx,respID,sernofx,S1,S2,respondent_age,hAgeRecode,S3,S4,S5,S6,S7 (1/9),S7 (2/9),S7 (3/9),S7 (4/9),S7 (5/9),S7 (6/9),S7 (7/9),S7 (8/9),S7 (9/9),Q1,Q3,Q4,Q5 (1/24),Q5 (2/24),Q5 (3/24),Q5 (4/24),Q5 (5/24),Q5 (6/24),Q5 (7/24),Q5 (8/24),Q5 (9/24),Q5 (10/24),Q5 (11/24),Q5 (12/24),Q5 (13/24),Q5 (14/24),Q5 (15/24),Q5 (16/24),Q5 (17/24),Q5 (18/24),Q5 (19/24),Q5 (20/24),Q5 (21/24),Q5 (22/24),Q5 (23/24),Q5 (24/24),OB1_loop[{_01}].OB1,OB1_loop[{_02}].OB1,OB1_loop[{_03}].OB1,OB1_loop[{_04}].OB1,OB1_loop[{_05}].OB1,OB1_loop[{_06}].OB1,OB1_loop[{_07}].OB1,OB1_loop[{_08}].OB1,OB1_loop[{_09}].OB1,OB1_loop[{_10}].OB1,OB1_loop[{_11}].OB1,OB1_loop[{_12}].OB1,OB1_loop[{_13}].OB1,OB1_loop[{_14}].OB1,OB2,OB3,OB4 (1/8),OB4 (2/8),OB4 (3/8),OB4 (4/8),OB4 (5/8),OB4 (6/8),OB4 (7/8),OB4 (8/8),OB5_loop[{_01}].OB5,OB5_loop[{_02}].OB5,OB5_loop[{_03}].OB5,OB5_loop[{_04}].OB5,OB5_loop[{_05}].OB5,OB5_loop[{_06}].OB5,OB5_loop[{_07}].OB5,OB5_loop[{_Other}].OB5,C0,C1,hCompanySize,C2,C3,C4,C5,C6 (1/6),C6 (2/6),C6 (3/6),C6 (4/6),C6 (5/6),C6 (6/6),C7,Unnamed: 96,Unnamed: 97,Unnamed: 98,Unnamed: 99,Unnamed: 100,Unnamed: 101,Unnamed: 102,Unnamed: 103,Unnamed: 104,Unnamed: 105,Unnamed: 106,Unnamed: 107,Unnamed: 108,Unnamed: 109,Unnamed: 110,Unnamed: 111,Unnamed: 112,Unnamed: 113,Unnamed: 114,Unnamed: 115,Unnamed: 116,Unnamed: 117,Unnamed: 118,Unnamed: 119,Unnamed: 120,Unnamed: 121,Unnamed: 122,Unnamed: 123,Unnamed: 124,Unnamed: 125,Unnamed: 126,Unnamed: 127,Unnamed: 128
8,gen_pop,74NFJ7,74NFJ7,8,_02,1988,37,age_04,_05,_01,_Other,_07,_04,_06,_07,,,,,,,_04,_02,,,,,,,,,,,,,,,,,,,,,,,,,,_03,_03,_03,_03,_01,_02,_03,_03,_03,_04,_03,_04,_04,_03,_05,_01,_03,,,,,,,,,,_03,,,,,,Yes,_08,company_05,_10,_03,_05,_05,_02,,,,,,_02,,,,,,,,,,,,,,,,,,,,,,,,,,,,,,,,,
10,gen_pop,8134FH,8134FH,10,_02,1973,52,age_05,_04,_01,_01,_01,_01,_02,_03,_08,,,,,,_05,_01,,,,,,,,,,,,,,,,,,,,,,,,,,_04,_04,_04,_04,_01,_01,_03,_03,_04,_04,_04,_04,_04,_04,_05,_04,_05,_07,_01,_02,_04,_06,,,_05,_05,,_05,_05,_05,_05,,Yes,_03,company_02,_03,_04,_01,_08,_01,,,,,,_02,,,,,,,,,,,,,,,,,,,,,,,,,,,,,,,,,
14,gen_pop,G55D6I,G55D6I,14,_02,1969,56,age_06,_06,_01,_02,_04,_03,,,,,,,,,_03,_03,_03,_09,_24,_03,_02,_18,_19,_04,,,,,,,,,,,,,,,,,,_04,_04,_04,_04,_03,_04,_04,_03,_04,_04,_03,_03,_03,_04,_03,_02,_03,_07,_04,_02,_05,_06,_01,,_04,_03,_03,_03,_03,_03,_04,,Yes,_08,company_05,_08,_04,_01,_06,none,,,,,,_02,,,,,,,,,,,,,,,,,,,,,,,,,,,,,,,,,
15,gen_pop,AM39GJ,AM39GJ,15,_02,1976,49,age_05,_07,_01,_01,_02,_01,,,,,,,,,_05,_01,,,,,,,,,,,,,,,,,,,,,,,,,,_01,_02,_02,_02,_01,_01,_03,_03,_04,_04,_04,_04,_04,_04,_02,_01,_06,_05,,,,,,,,,,,_05,_05,,,Yes,_08,company_05,_10,_04,_01,_09,_01,_04,,,,,_02,,,,,,,,,,,,,,,,,,,,,,,,,,,,,,,,,
17,gen_pop,CEF4MF,CEF4MF,17,_02,1970,55,age_06,_06,_01,_03,_04,_04,,,,,,,,,_03,_02,,,,,,,,,,,,,,,,,,,,,,,,,,_03,_04,_04,_03,_02,_01,_04,_03,_03,_03,_03,_03,_03,_04,_03,_01,_02,_05,_04,,,,,,,_03,,_02,_04,,,,Yes,_07,company_05,_07,_01,_01,_06,_01,,,,,,_02,,,,,,,,,,,,,,,,,,,,,,,,,,,,,,,,,
18,gen_pop,I9NA71,I9NA71,18,_02,1982,43,age_04,_02,_01,_02,_04,_02,,,,,,,,,_03,_03,_01,_04,_18,_02,,,,,,,,,,,,,,,,,,,,,,_03,_03,_03,_04,_02,_03,_02,_02,_04,_04,_04,_04,_04,_03,_01,_01,_06,_Other,,,,,,,,,,,,_03,,_04,Yes,_08,company_05,_08,_04,_03,_07,_01,,,,,,_02,,,,,,,,,,,,,,,,,,,,,,,,,,,,,,,,,
24,gen_pop,LND6C8,LND6C8,24,_02,1984,41,age_04,_06,_01,_02,_04,_02,_04,,,,,,,,_05,_01,,,,,,,,,,,,,,,,,,,,,,,,,,_02,_04,_03,_03,_04,_02,_02,_03,_04,_04,_04,_04,_04,_04,_03,_01,_05,,,,,,,,,,,,_04,,,,Yes,_08,company_05,_09,_01,_02,_08,_01,,,,,,_02,,,,,,,,,,,,,,,,,,,,,,,,,,,,,,,,,
25,gen_pop,K46LFB,K46LFB,25,_02,1974,51,age_05,_06,_01,_02,_05,_02,,,,,,,,,_03,_02,,,,,,,,,,,,,,,,,,,,,,,,,,_04,_04,_04,_04,_03,_02,_04,_04,_04,_04,_04,_03,_04,_04,_02,_01,_03,_06,_05,_Other,,,,,,,_03,,_04,_03,,_05,Yes,_08,company_05,_10,_01,_01,_07,_01,,,,,,_02,,,,,,,,,,,,,,,,,,,,,,,,,,,,,,,,,
26,gen_pop,6I34II,6I34II,26,_02,1987,38,age_04,_06,_01,_03,_04,_04,,,,,,,,,_04,_01,,,,,,,,,,,,,,,,,,,,,,,,,,_02,_01,_01,_01,_01,_01,_03,_01,_03,_04,_04,_04,_04,_04,_02,_01,_05,_06,_01,,,,,,_05,,,,_04,_03,,,Yes,_08,company_05,_10,_01,_03,_09,_01,,,,,,_02,,,,,,,,,,,,,,,,,,,,,,,,,,,,,,,,,
27,gen_pop,CDDDLL,CDDDLL,27,_02,1964,61,age_06,_05,_01,_02,_04,_Other,,,,,,,,,_04,_02,,,,,,,,,,,,,,,,,,,,,,,,,,_04,_04,_04,_03,_04,_03,_04,_04,_04,_04,_04,_04,_04,_04,_05,_01,_07,_05,_06,,,,,,,,,,_04,_04,_04,,Yes,_08,company_05,_10,_04,_01,_08,_01,,,,,,_02,,,,,,,,,,,,,,,,,,,,,,,,,,,,,,,,,
29,gen_pop,AH8LFN,AH8LFN,29,_02,1991,34,age_03,_06,_01,_02,_Other,_02,_Other,,,,,,,,_03,_05,_03,_11,_13,_08,_Other,,,,,,,,,,,,,,,,,,,,,_04,_04,_04,_02,_02,_02,_04,_04,_04,_04,_04,_03,_03,_04,_02,_02,_06,_05,_07,,,,,,,,,,_03,_03,_05,,Yes,_08,company_05,_09,_01,_03,_09,_01,,,,,,_02,,,,,,,,,,,,,,,,,,,,,,,,,,,,,,,,,
30,gen_pop,4JDENE,4JDENE,30,_02,1978,47,age_05,_03,_01,_02,_02,_01,_02,,,,,,,,_04,_03,_03,_02,_09,,,,,,,,,,,,,,,,,,,,,,,_03,_04,_04,_03,_02,_03,_03,_03,_04,_04,_04,_04,_04,_04,_04,_01,_05,_01,_07,_02,_06,_04,,,_04,_03,,_04,_04,_04,_03,,Yes,_08,company_05,_10,_01,_03,_09,_01,,,,,,_02,,,,,,,,,,,,,,,,,,,,,,,,,,,,,,,,,
31,gen_pop,6GJ2E2,6GJ2E2,31,_02,1991,34,age_03,_05,_01,_Other,_Other,_06,_08,,,,,,,,_04,_01,,,,,,,,,,,,,,,,,,,,,,,,,,_03,_04,_04,_04,_02,_02,_04,_03,_03,_03,_03,_03,_03,_03,_04,_01,_04,_05,,,,,,,,,,_03,_04,,,,Yes,_08,company_05,_10,_04,_01,_06,_01,,,,,,_02,,,,,,,,,,,,,,,,,,,,,,,,,,,,,,,,,
38,gen_pop,NG8NFN,NG8NFN,38,_02,1980,45,age_05,_06,_01,_05,_04,_04,_06,_07,,,,,,,_04,_03,_01,_19,_02,,,,,,,,,,,,,,,,,,,,,,,_03,_04,_04,_03,_01,_01,_03,_03,_04,_04,_04,_04,_04,_04,_02,_01,_02,_04,_05,,,,,,,_02,,_02,_03,,,,Yes,_08,company_05,_06,_01,_02,_07,_02,,,,,,_02,,,,,,,,,,,,,,,,,,,,,,,,,,,,,,,,,
40,gen_pop,8M4CMF,8M4CMF,40,_02,1969,56,age_06,_06,_01,_04,_04,_06,,,,,,,,,_05,_01,,,,,,,,,,,,,,,,,,,,,,,,,,_03,_03,_03,_02,_02,_02,_03,_03,_04,_03,_04,_04,_03,_04,_05,_01,_06,_07,_04,_05,_03,_Other,,,,,_04,_04,_04,_04,_03,_05,No,_08,company_05,_10,_01,_01,_10,_01,,,,,,_02,,,,,,,,,,,,,,,,,,,,,,,,,,,,,,,,,
42,gen_pop,7JNL38,7JNL38,42,_02,1964,61,age_06,_07,_01,_04,_02,_01,_06,,,,,,,,_02,_05,_01,_15,_04,_10,_13,,,,,,,,,,,,,,,,,,,,,_04,_04,_04,_02,_01,_01,_04,_04,_04,_02,_04,_03,_04,_04,_03,_01,_05,,,,,,,,,,,,_03,,,,Yes,_08,company_05,_09,_01,_01,_09,_01,,,,,,_01,,,,,,,,,,,,,,,,,,,,,,,,,,,,,,,,,
43,gen_pop,DBA836,DBA836,43,_02,1982,43,age_04,_05,_01,_03,_07,_04,_08,,,,,,,,_02,_05,_03,_02,_09,_10,,,,,,,,,,,,,,,,,,,,,,_04,_04,_04,_03,_02,_03,_03,_03,_03,_03,_03,_03,_03,_03,_03,_02,_03,_05,,,,,,,,,_03,,_03,,,,Yes,_05,company_03,_06,_04,_02,_04,_01,_02,_Other,,,,_02,,,,,,,,,,,,,,,,,,,,,,,,,,,,,,,,,
45,gen_pop,K7MD8G,K7MD8G,45,_02,1986,39,age_04,_05,_01,_03,_03,_Other,,,,,,,,,_04,_02,,,,,,,,,,,,,,,,,,,,,,,,,,_02,_03,_03,_04,_01,_03,_03,_01,_04,_02,_03,_03,_04,_04,_06,_01,_06,_05,,,,,,,,,,,_03,_03,,,Yes,_04,company_03,_08,_01,_03,_05,_01,,,,,,_02,,,,,,,,,,,,,,,,,,,,,,,,,,,,,,,,,
46,gen_pop,5EN91L,5EN91L,46,_02,1968,57,age_06,_07,_01,_02,_03,_Other,,,,,,,,,_03,_05,_03,_11,_10,_16,_19,_03,_13,,,,,,,,,,,,,,,,,,,_03,_03,_04,_01,_01,_03,_03,_02,_04,_04,_04,_04,_02,_04,_02,_01,_05,_06,,,,,,,,,,,_01,_04,,,Yes,_05,company_03,_07,_04,_01,_09,none,,,,,,_02,,,,,,,,,,,,,,,,,,,,,,,,,,,,,,,,,
50,gen_pop,8IBCNG,8IBCNG,50,_02,1977,48,age_05,_05,_01,_03,_04,_08,,,,,,,,,_04,_02,,,,,,,,,,,,,,,,,,,,,,,,,,_03,_04,_04,_04,_02,_02,_04,_03,_03,_03,_04,_03,_04,_03,_03,_01,_05,_03,_04,,,,,,,,_04,_04,_03,,,,Yes,_08,company_05,_09,_01,_02,_07,_01,,,,,,_02,,,,,,,,,,,,,,,,,,,,,,,,,,,,,,,,,
56,gen_pop,1FJ515,1FJ515,56,_02,1984,41,age_04,_04,_01,_02,_04,_03,,,,,,,,,_03,_01,,,,,,,,,,,,,,,,,,,,,,,,,,_04,_04,_04,_04,_02,_04,_04,_03,_03,_03,_03,_03,_02,_03,_03,_02,_06,_05,,,,,,,,,,,_04,_04,,,Yes,_01,company_01,_10,_03,_01,_07,_01,_04,,,,,_02,,,,,,,,,,,,,,,,,,,,,,,,,,,,,,,,,
57,gen_pop,5DBGEC,5DBGEC,57,_02,1989,36,age_04,_06,_01,_Other,_Other,_06,,,,,,,,,_04,_03,_03,_09,_02,_19,,,,,,,,,,,,,,,,,,,,,,_04,_04,_04,_03,_02,_04,_03,_04,_03,_03,_04,_03,_03,_04,_04,_01,_04,_02,,,,,,,,_04,,_04,,,,,Yes,_08,company_05,_10,_04,_02,_04,_02,,,,,,_02,,,,,,,,,,,,,,,,,,,,,,,,,,,,,,,,,
59,gen_pop,9KL9JJ,9KL9JJ,59,_02,1983,42,age_04,_05,_01,_03,_04,_04,,,,,,,,,_04,_03,_03,_15,_02,,,,,,,,,,,,,,,,,,,,,,,_04,_04,_04,_02,_02,_01,_04,_01,_03,_04,_03,_03,_03,_04,_03,_01,_02,,,,,,,,,_02,,,,,,,No,_07,company_05,_10,_01,_01,_08,_01,,,,,,_02,,,,,,,,,,,,,,,,,,,,,,,,,,,,,,,,,
61,gen_pop,16IBM2,16IBM2,61,_02,1973,52,age_05,_07,_01,_04,_07,_06,,,,,,,,,_04,_01,,,,,,,,,,,,,,,,,,,,,,,,,,_04,_04,_04,_03,_02,_01,_03,_04,_02,_03,_04,_04,_04,_04,_03,_01,_06,_05,_03,,,,,,,,_04,,_04,_04,,,Yes,_08,company_05,_10,_01,_01,_07,_01,,,,,,_02,,,,,,,,,,,,,,,,,,,,,,,,,,,,,,,,,
65,gen_pop,D35E8M,D35E8M,65,_02,1985,40,age_04,_06,_01,_Other,_04,_06,_08,,,,,,,,_04,_03,_03,_18,_04,_16,_09,,,,,,,,,,,,,,,,,,,,,_04,_04,_04,_04,_03,_03,_04,_02,_03,_03,_03,_03,_03,_03,_02,_01,_04,_07,_05,,,,,,,,,_04,_03,,_05,,Yes,_08,company_05,_10,_04,_01,_06,_01,,,,,,_02,,,,,,,,,,,,,,,,,,,,,,,,,,,,,,,,,
68,gen_pop,DCMJ6K,DCMJ6K,68,_02,1990,35,age_04,_06,_01,_Other,_04,_06,_08,,,,,,,,_04,_02,,,,,,,,,,,,,,,,,,,,,,,,,,_04,_04,_04,_03,_01,_02,_04,_03,_04,_03,_04,_04,_04,_04,_03,_01,_07,_05,_04,_02,_03,,,,,_01,_04,_03,_03,,_05,,Yes,_08,company_05,_10,_02,_01,_04,_01,,,,,,_02,,,,,,,,,,,,,,,,,,,,,,,,,,,,,,,,,
70,gen_pop,7BBGDI,7BBGDI,70,_02,1961,64,age_06,_05,_01,_02,_03,_01,,,,,,,,,_04,_01,,,,,,,,,,,,,,,,,,,,,,,,,,_04,_04,_04,_03,_01,_03,_04,_04,_04,_04,_04,_04,_04,_04,_04,_01,_01,_07,_05,_04,,,,,_04,,,_05,_04,,_05,,Yes,_07,company_05,_10,_04,_01,_09,_01,,,,,,_02,,,,,,,,,,,,,,,,,,,,,,,,,,,,,,,,,
71,gen_pop,A95E1L,A95E1L,71,_02,1972,53,age_05,_03,_01,_02,_02,_03,,,,,,,,,_05,_01,,,,,,,,,,,,,,,,,,,,,,,,,,_03,_03,_02,_03,_01,_02,_02,_03,_03,_04,_04,_04,_04,_04,_03,_01,_06,_05,_04,,,,,,,,,_04,_04,_04,,,Yes,_08,company_05,_07,_05,_06,_10,_01,,,,,,_02,,,,,,,,,,,,,,,,,,,,,,,,,,,,,,,,,
72,gen_pop,FH5B75,FH5B75,72,_02,1985,40,age_04,_02,_01,_06,_07,_08,,,,,,,,,_04,_02,,,,,,,,,,,,,,,,,,,,,,,,,,_03,_04,_03,_01,_02,_03,_04,_04,_02,_04,_04,_04,_03,_03,_04,_01,_03,_04,,,,,,,,,_04,_04,,,,,Yes,_08,company_05,_09,_03,_02,_05,_03,,,,,,_02,,,,,,,,,,,,,,,,,,,,,,,,,,,,,,,,,
73,gen_pop,3G69HJ,3G69HJ,73,_02,1975,50,age_05,_07,_01,_04,_04,_01,_04,_06,_07,,,,,,_03,_04,_01,_09,_02,,,,,,,,,,,,,,,,,,,,,,,_04,_03,_04,_02,_02,_02,_04,_03,_03,_03,_04,_03,_03,_04,_02,_01,_02,_04,_05,_01,_06,_03,,,_04,_03,_04,_04,_04,_04,,,Yes,_08,company_05,_01,_01,_04,_09,_01,,,,,,_02,,,,,,,,,,,,,,,,,,,,,,,,,,,,,,,,,
74,gen_pop,7N6DKG,7N6DKG,74,_02,1986,39,age_04,_06,_01,_03,_02,_03,,,,,,,,,_04,_03,_03,_18,_24,,,,,,,,,,,,,,,,,,,,,,,_02,_03,_03,_01,_02,_03,_03,_03,_04,_01,_02,_02,_02,_04,_02,_01,_06,_05,_03,,,,,,,,_04,,_04,_04,,,Yes,_08,company_05,_09,_02,_03,_09,_01,,,,,,_02,,,,,,,,,,,,,,,,,,,,,,,,,,,,,,,,,
75,gen_pop,FLFB2B,FLFB2B,75,_02,1994,31,age_03,_05,_01,_02,_Other,_05,,,,,,,,,_04,_01,,,,,,,,,,,,,,,,,,,,,,,,,,_02,_03,_03,_02,_02,_03,_03,_02,_03,_04,_04,_04,_04,_03,_04,_01,_02,_05,_04,_07,,,,,,_02,,_02,_02,,_02,,Yes,_05,company_03,_03,_01,_01,_08,_04,,,,,,_02,,,,,,,,,,,,,,,,,,,,,,,,,,,,,,,,,
76,gen_pop,9G86CJ,9G86CJ,76,_02,1971,54,age_05,_07,_01,_02,_04,_02,,,,,,,,,_04,_02,,,,,,,,,,,,,,,,,,,,,,,,,,_02,_04,_02,_03,_01,_01,_04,_02,_04,_04,_04,_04,_04,_04,_04,_01,_01,_04,_06,,,,,,_05,,,_05,,_05,,,Yes,_08,company_05,_10,_01,_01,_09,_01,,,,,,_02,,,,,,,,,,,,,,,,,,,,,,,,,,,,,,,,,
77,gen_pop,B413LE,B413LE,77,_02,1973,52,age_05,_06,_01,_02,_Other,_02,,,,,,,,,_04,_01,,,,,,,,,,,,,,,,,,,,,,,,,,_03,_03,_04,_03,_01,_02,_04,_02,_03,_04,_03,_04,_03,_03,_02,_01,_05,_06,,,,,,,,,,,_04,_04,,,Yes,_08,company_05,_10,_01,_01,_10,_01,,,,,,_02,,,,,,,,,,,,,,,,,,,,,,,,,,,,,,,,,
79,gen_pop,H1M7B1,H1M7B1,79,_02,1982,43,age_04,_05,_01,_02,_04,_04,,,,,,,,,_04,_05,_01,_18,_09,_02,,,,,,,,,,,,,,,,,,,,,,_03,_01,_03,_01,_02,_01,_01,_03,_04,_02,_03,_03,_03,_03,_02,_02,_05,,,,,,,,,,,,_02,,,,Yes,_04,company_03,_06,_01,_03,_06,_04,,,,,,_02,,,,,,,,,,,,,,,,,,,,,,,,,,,,,,,,,
80,gen_pop,6G348A,6G348A,80,_02,1973,52,age_05,_06,_01,_04,_04,_01,,,,,,,,,_03,_03,_01,_16,_09,,,,,,,,,,,,,,,,,,,,,,,_03,_04,_03,_03,_03,_03,_03,_03,_03,_03,_03,_03,_04,_03,_04,_01,_01,,,,,,,,_04,,,,,,,,Yes,_08,company_05,_10,_01,_03,_07,_01,,,,,,_02,,,,,,,,,,,,,,,,,,,,,,,,,,,,,,,,,
82,gen_pop,LGKMCB,LGKMCB,82,_02,1975,50,age_05,_07,_01,_02,_Other,_02,,,,,,,,,_01,_05,_03,_09,_16,_02,_19,_10,,,,,,,,,,,,,,,,,,,,_04,_04,_04,_04,_01,_02,_04,_01,_03,_04,_03,_03,_04,_04,_03,_01,_05,_07,_04,_02,_03,_06,,,,_03,_04,_03,_03,_04,_04,,Yes,_08,company_05,_10,_01,_01,_07,_01,,,,,,_02,,,,,,,,,,,,,,,,,,,,,,,,,,,,,,,,,
83,gen_pop,IJIG45,IJIG45,83,_02,1973,52,age_05,_07,_01,_04,_04,_04,_06,,,,,,,,_04,_01,,,,,,,,,,,,,,,,,,,,,,,,,,_03,_03,_04,_03,_02,_03,_03,_03,_04,_04,_04,_04,_04,_04,_02,_01,_05,_04,_07,_06,_03,,,,,,_04,_04,_04,_04,_04,,Yes,_08,company_05,_10,_01,_02,_08,_03,,,,,,_02,,,,,,,,,,,,,,,,,,,,,,,,,,,,,,,,,
84,gen_pop,H4F95A,H4F95A,84,_02,1963,62,age_06,_05,_01,_01,_02,_01,_08,,,,,,,,_05,_02,,,,,,,,,,,,,,,,,,,,,,,,,,_03,_03,_04,_03,_01,_03,_02,_02,_04,_04,_04,_04,_04,_04,_02,_01,_06,_01,_07,_03,,,,,_04,,_04,,,_03,_04,,Yes,_05,company_03,_07,_01,_01,_09,_01,,,,,,_02,,,,,,,,,,,,,,,,,,,,,,,,,,,,,,,,,
85,gen_pop,61ALGC,61ALGC,85,_02,1981,44,age_04,_07,_01,_Other,_06,_06,,,,,,,,,_02,_05,_01,_09,_13,_15,,,,,,,,,,,,,,,,,,,,,,_04,_04,_04,_04,_02,_03,_04,_04,_04,_03,_03,_04,_04,_04,_02,_01,_04,_02,_07,_01,_03,,,,_05,_02,_05,_05,,,_05,,Yes,_08,company_05,_10,_01,_01,_06,_03,,,,,,_02,,,,,,,,,,,,,,,,,,,,,,,,,,,,,,,,,
86,gen_pop,5JMMKA,5JMMKA,86,_02,1975,50,age_05,_06,_01,_01,_04,_08,,,,,,,,,_03,_03,_02,_04,_02,_10,,,,,,,,,,,,,,,,,,,,,,_04,_03,_03,_03,_02,_03,_03,_01,_02,_02,_02,_02,_02,_04,_03,_02,_07,_02,_05,_06,,,,,,_04,,,_04,_04,_03,,Yes,_05,company_03,_04,_01,_02,_08,_01,,,,,,_02,,,,,,,,,,,,,,,,,,,,,,,,,,,,,,,,,
87,gen_pop,5FBE4C,5FBE4C,87,_02,1990,35,age_04,_05,_01,_03,_04,_06,_08,,,,,,,,_03,_02,,,,,,,,,,,,,,,,,,,,,,,,,,_03,_03,_03,_03,_01,_02,_04,_03,_03,_02,_03,_03,_03,_03,_05,_01,_07,_04,_05,_01,,,,,_03,,,_03,_03,,_02,,Yes,_08,company_05,_10,_04,_03,_05,_02,,,,,,_01,,,,,,,,,,,,,,,,,,,,,,,,,,,,,,,,,
89,gen_pop,2IDJDK,2IDJDK,89,_02,1997,28,age_03,_02,_01,_01,_04,_04,_08,,,,,,,,_04,_02,,,,,,,,,,,,,,,,,,,,,,,,,,_04,_04,_04,_04,_02,_02,_04,_04,_04,_04,_04,_03,_04,_04,_02,_02,_05,_07,_04,,,,,,,,,_04,_04,,_04,,Yes,_05,company_03,_07,_03,_02,_06,_02,,,,,,_02,,,,,,,,,,,,,,,,,,,,,,,,,,,,,,,,,
90,gen_pop,F8A6A8,F8A6A8,90,_02,1972,53,age_05,_07,_01,_02,_04,_02,,,,,,,,,_05,_01,,,,,,,,,,,,,,,,,,,,,,,,,,_03,_03,_03,_03,_02,_01,_04,_03,_03,_04,_04,_04,_04,_04,_04,_02,_03,_07,_05,,,,,,,,_04,,_04,,_04,,Yes,_08,company_05,_09,_01,_01,_08,_01,,,,,,_02,,,,,,,,,,,,,,,,,,,,,,,,,,,,,,,,,
91,gen_pop,I2DKMI,I2DKMI,91,_02,1974,51,age_05,_05,_01,_03,_03,_01,,,,,,,,,_05,_01,,,,,,,,,,,,,,,,,,,,,,,,,,_04,_04,_04,_04,_01,_04,_04,_04,_04,_04,_04,_04,_04,_04,_03,_01,_05,_06,_04,_03,_01,,,,_04,,_04,_04,_04,_03,,,Yes,_08,company_05,_08,_01,_01,_09,_02,,,,,,_02,,,,,,,,,,,,,,,,,,,,,,,,,,,,,,,,,
94,gen_pop,4138FK,4138FK,94,_02,1977,48,age_05,_07,_01,_01,_04,_02,_03,_04,_08,,,,,,_04,_02,,,,,,,,,,,,,,,,,,,,,,,,,,_03,_03,_04,_02,_02,_02,_03,_03,_03,_03,_03,_03,_03,_03,_02,_01,_07,_05,_02,,,,,,,_03,,,_04,,_03,,Yes,_05,company_03,_08,_01,_03,_06,_01,,,,,,_02,,,,,,,,,,,,,,,,,,,,,,,,,,,,,,,,,
98,gen_pop,1E2I7N,1E2I7N,98,_02,1971,54,age_05,_07,_01,_02,_03,_03,,,,,,,,,_04,_02,,,,,,,,,,,,,,,,,,,,,,,,,,_02,_04,_04,_02,_02,_03,_03,_02,_04,_04,_03,_04,_04,_04,_03,_01,_06,,,,,,,,,,,,,_02,,,Yes,_05,company_03,_07,_01,_01,_08,_01,,,,,,_02,,,,,,,,,,,,,,,,,,,,,,,,,,,,,,,,,
99,gen_pop,J3KNFJ,J3KNFJ,99,_02,1967,58,age_06,_07,_01,_02,_04,_04,,,,,,,,,_05,_02,,,,,,,,,,,,,,,,,,,,,,,,,,_03,_04,_04,_03,_02,_02,_03,_02,_03,_03,_04,_04,_04,_04,_04,_02,_05,_04,,,,,,,,,,_03,_03,,,,Yes,_08,company_05,_07,_03,_02,_06,_01,,,,,,_02,,,,,,,,,,,,,,,,,,,,,,,,,,,,,,,,,
100,gen_pop,LCF8GC,LCF8GC,100,_02,1961,64,age_06,_05,_01,_02,_04,_04,,,,,,,,,_05,_01,,,,,,,,,,,,,,,,,,,,,,,,,,_02,_04,_04,_02,_02,_01,_03,_02,_03,_04,_04,_04,_04,_04,_04,_02,_07,_05,,,,,,,,,,,_05,,_01,,Yes,_07,company_05,_07,_04,_01,_10,_01,,,,,,_02,,,,,,,,,,,,,,,,,,,,,,,,,,,,,,,,,
101,gen_pop,3DBGA4,3DBGA4,101,_02,1975,50,age_05,_04,_01,_04,_03,_06,,,,,,,,,_03,_05,_02,_24,,,,,,,,,,,,,,,,,,,,,,,,_03,_03,_03,_03,_01,_01,_04,_01,_02,_04,_03,_02,_03,_04,_03,_01,_05,_01,_03,,,,,,_03,,_03,,_03,,,,Yes,_08,company_05,_10,_01,_01,_07,_01,,,,,,_02,,,,,,,,,,,,,,,,,,,,,,,,,,,,,,,,,
103,gen_pop,241B4B,241B4B,103,_02,1990,35,age_04,_03,_01,_02,_Other,_Other,,,,,,,,,_03,_01,,,,,,,,,,,,,,,,,,,,,,,,,,_03,_03,_02,_02,_02,_03,_04,_02,_03,_03,_03,_03,_03,_04,_04,_02,_04,,,,,,,,,,,_04,,,,,Yes,_06,company_04,_08,_04,_02,_02,_03,,,,,,_02,,,,,,,,,,,,,,,,,,,,,,,,,,,,,,,,,
104,gen_pop,MF4DF2,MF4DF2,104,_02,1962,63,age_06,_06,_01,_02,_04,_04,,,,,,,,,_03,_01,,,,,,,,,,,,,,,,,,,,,,,,,,_03,_01,_04,_01,_01,_01,_03,_02,_03,_03,_03,_04,_04,_03,_02,_01,none,,,,,,,,,,,,,,,,Yes,_08,company_05,_08,_02,_01,_08,_01,,,,,,_02,,,,,,,,,,,,,,,,,,,,,,,,,,,,,,,,,
105,gen_pop,FNL7LG,FNL7LG,105,_02,1963,62,age_06,_04,_01,_02,_04,_04,,,,,,,,,_03,_02,,,,,,,,,,,,,,,,,,,,,,,,,,_03,_04,_04,_03,_02,_03,_03,_03,_03,_04,_04,_03,_04,_04,_03,_02,_03,,,,,,,,,,_04,,,,,,Yes,_08,company_05,_07,_01,_01,_09,_01,,,,,,_02,,,,,,,,,,,,,,,,,,,,,,,,,,,,,,,,,
106,gen_pop,CJ53N1,CJ53N1,106,_02,1981,44,age_04,_06,_01,_03,_03,_01,_04,_07,_08,,,,,,_05,_01,,,,,,,,,,,,,,,,,,,,,,,,,,_03,_04,_04,_02,_01,_03,_04,_03,_04,_04,_04,_04,_04,_04,_03,_02,_05,_03,_01,_07,_04,_06,_Other,,_03,,_04,_03,_04,_02,_03,_05,Yes,_08,company_05,_10,_01,_01,_09,_01,,,,,,_02,,,,,,,,,,,,,,,,,,,,,,,,,,,,,,,,,
108,gen_pop,6F9GFC,6F9GFC,108,_02,1985,40,age_04,_06,_01,_02,_05,_02,,,,,,,,,_04,_02,,,,,,,,,,,,,,,,,,,,,,,,,,_04,_04,_04,_04,_03,_03,_04,_03,_04,_04,_03,_04,_03,_04,_03,_01,_06,_04,_05,,,,,,,,,_03,_03,_03,,,Yes,_08,company_05,_09,_01,_02,_07,_01,,,,,,_02,,,,,,,,,,,,,,,,,,,,,,,,,,,,,,,,,
109,gen_pop,1AIMKE,1AIMKE,109,_02,1963,62,age_06,_07,_01,_02,_02,_01,,,,,,,,,_04,_02,,,,,,,,,,,,,,,,,,,,,,,,,,_04,_04,_04,_03,_01,_03,_04,_03,_03,_03,_03,_02,_02,_04,_02,_01,_01,_06,_05,_03,,,,,_03,,_03,,_03,_03,,,Yes,_08,company_05,_10,_01,_01,_09,_01,,,,,,_02,,,,,,,,,,,,,,,,,,,,,,,,,,,,,,,,,
110,gen_pop,6IDM7E,6IDM7E,110,_02,1968,57,age_06,_03,_01,_02,_Other,_02,,,,,,,,,_04,_02,,,,,,,,,,,,,,,,,,,,,,,,,,_03,_03,_03,_03,_02,_03,_02,_03,_04,_03,_04,_03,_03,_04,_04,_01,_02,_07,,,,,,,,_03,,,,,_04,,Yes,_05,company_03,_05,_01,_01,_06,_01,,,,,,_02,,,,,,,,,,,,,,,,,,,,,,,,,,,,,,,,,
111,gen_pop,HECNNM,HECNNM,111,_02,1993,32,age_03,_06,_01,_02,_Other,_06,,,,,,,,,_04,_02,,,,,,,,,,,,,,,,,,,,,,,,,,_04,_04,_04,_03,_02,_03,_03,_04,_04,_04,_04,_04,_04,_03,_04,_01,_03,_04,_05,,,,,,,,_04,_04,_04,,,,Yes,_08,company_05,_10,_01,_01,_08,_01,_02,,,,,_02,,,,,,,,,,,,,,,,,,,,,,,,,,,,,,,,,
112,gen_pop,A18INE,A18INE,112,_02,1971,54,age_05,_05,_01,_02,_04,_02,,,,,,,,,_04,_02,,,,,,,,,,,,,,,,,,,,,,,,,,_03,_03,_03,_02,_02,_02,_03,_01,_04,_03,_04,_04,_04,_04,_03,_02,_06,_04,_05,,,,,,,,,_04,_04,_04,,,Yes,_08,company_05,_10,_01,_01,_06,_01,,,,,,_02,,,,,,,,,,,,,,,,,,,,,,,,,,,,,,,,,
113,gen_pop,DJNIK6,DJNIK6,113,_02,1989,36,age_04,_05,_01,_01,_03,_01,_03,_08,,,,,,,_05,_02,,,,,,,,,,,,,,,,,,,,,,,,,,_03,_04,_03,_04,_02,_03,_03,_03,_03,_04,_04,_04,_03,_04,_04,_01,_05,,,,,,,,,,,,_04,,,,Yes,_03,company_02,_05,_01,_04,_08,_01,,,,,,_02,,,,,,,,,,,,,,,,,,,,,,,,,,,,,,,,,
115,gen_pop,MAI3HN,MAI3HN,115,_02,2000,25,age_03,_04,_01,_Other,_Other,_06,,,,,,,,,_03,_03,_03,_02,_13,_04,_09,,,,,,,,,,,,,,,,,,,,,_04,_02,_04,_03,_02,_02,_04,_02,_03,_03,_03,_03,_03,_04,_03,_02,none,,,,,,,,,,,,,,,,Yes,_06,company_04,_06,_03,_01,_04,_01,,,,,,_02,,,,,,,,,,,,,,,,,,,,,,,,,,,,,,,,,
116,gen_pop,EGNBA5,EGNBA5,116,_02,1966,59,age_06,_05,_01,_Other,_Other,_Other,,,,,,,,,_04,_01,,,,,,,,,,,,,,,,,,,,,,,,,,_04,_04,_04,_03,_02,_04,_04,_04,_03,_04,_04,_04,_04,_03,_04,_01,_05,_04,,,,,,,,,,_04,_04,,,,Yes,_08,company_05,_04,_01,_01,_07,_01,,,,,,_02,,,,,,,,,,,,,,,,,,,,,,,,,,,,,,,,,
118,gen_pop,8.75E+97,8.75E+97,118,_02,2001,24,age_02,_03,_01,_02,_05,_03,,,,,,,,,_03,_05,_02,_02,_09,_14,_24,_13,_10,_15,_23,,,,,,,,,,,,,,,,,_03,_04,_03,_03,_02,_02,_04,_03,_01,_03,_02,_01,_03,_03,_03,_02,_05,_06,_07,,,,,,,,,,_03,_03,_04,,Yes,_08,company_05,_07,_04,_01,_04,_04,,,,,,_02,,,,,,,,,,,,,,,,,,,,,,,,,,,,,,,,,
119,gen_pop,729JHK,729JHK,119,_02,1989,36,age_04,_04,_01,_02,_04,_Other,,,,,,,,,_02,_04,_03,_03,_04,_10,,,,,,,,,,,,,,,,,,,,,,_04,_04,_04,_03,_02,_02,_04,_03,_02,_03,_02,_02,_03,_04,_02,_01,none,,,,,,,,,,,,,,,,Yes,_05,company_03,_07,_01,_01,_06,_01,,,,,,_01,,,,,,,,,,,,,,,,,,,,,,,,,,,,,,,,,
120,gen_pop,B8BBLL,B8BBLL,120,_02,1990,35,age_04,_04,_01,_02,_04,_07,,,,,,,,,_01,_05,_02,_10,_04,_06,_13,_03,_08,_Other,,,,,,,,,,,,,,,,,,_04,_04,_04,_02,_04,_02,_04,_04,_03,_04,_02,_02,_02,_03,_03,_01,_06,_05,,,,,,,,,,,_03,_02,,,No,_05,company_03,_07,_01,_01,_07,_01,,,,,,_01,,,,,,,,,,,,,,,,,,,,,,,,,,,,,,,,,
121,gen_pop,EI1FFI,EI1FFI,121,_02,1971,54,age_05,_04,_01,_04,_04,_04,,,,,,,,,_03,_03,_01,_12,_19,_10,,,,,,,,,,,,,,,,,,,,,,_01,_03,_01,_01,_01,_01,_03,_01,_04,_04,_04,_03,_04,_04,_05,_01,_05,_02,_07,_04,_03,,,,,_03,_04,_04,_04,,_05,,Yes,_08,company_05,_10,_04,_01,_06,_01,,,,,,_02,,,,,,,,,,,,,,,,,,,,,,,,,,,,,,,,,
122,gen_pop,EKEI15,EKEI15,122,_02,1965,60,age_06,_06,_01,_02,_02,_03,,,,,,,,,_05,_01,,,,,,,,,,,,,,,,,,,,,,,,,,_04,_04,_04,_03,_02,_02,_04,_02,_04,_03,_03,_03,_04,_04,_02,_01,_02,_05,_07,_01,_06,,,,_05,_03,,,_03,_05,_05,,Yes,_06,company_04,_06,_01,_01,_09,_01,,,,,,_02,,,,,,,,,,,,,,,,,,,,,,,,,,,,,,,,,
123,gen_pop,E1DF8N,E1DF8N,123,_02,1998,27,age_03,_05,_01,_02,_05,_03,,,,,,,,,_04,_03,_03,_09,_18,,,,,,,,,,,,,,,,,,,,,,,_03,_04,_03,_03,_01,_02,_04,_02,_04,_04,_04,_04,_04,_04,_06,_02,_04,_05,_06,_02,_01,_07,,,_04,_04,,_04,_04,_04,_04,,Yes,_06,company_04,_06,_01,_01,_10,_01,,,,,,_02,,,,,,,,,,,,,,,,,,,,,,,,,,,,,,,,,
124,gen_pop,45DMEL,45DMEL,124,_02,1982,43,age_04,_07,_01,_02,_04,_03,,,,,,,,,_04,_01,,,,,,,,,,,,,,,,,,,,,,,,,,_03,_04,_03,_04,_02,_02,_04,_03,_03,_04,_03,_04,_03,_04,_03,_01,_06,,,,,,,,,,,,,_03,,,Yes,_08,company_05,_09,_01,_03,_10,_01,,,,,,_02,,,,,,,,,,,,,,,,,,,,,,,,,,,,,,,,,
146,gen_pop,EA6445,EA6445,146,_02,1998,27,age_03,_04,_01,_Other,_04,_06,,,,,,,,,_05,_02,,,,,,,,,,,,,,,,,,,,,,,,,,_03,_04,_03,_04,_01,_03,_03,_02,_04,_04,_04,_04,_04,_04,_04,_02,_05,_03,,,,,,,,,_04,,_04,,,,Yes,_08,company_05,_10,_01,_01,_07,_01,,,,,,_01,,,,,,,,,,,,,,,,,,,,,,,,,,,,,,,,,
153,gen_pop,2NNL97,2NNL97,153,_02,1977,48,age_05,_06,_03,_03,_02,_01,_02,_03,,,,,,,_01,_05,_03,_Other,,,,,,,,,,,,,,,,,,,,,,,,_04,_04,_04,_04,_04,_04,_04,_04,_03,_02,_02,_03,_02,_04,_01,_01,_07,_04,_06,_05,_01,,,,_05,,,_05,_05,_05,_05,,Yes,_08,company_05,_09,_01,_01,_08,_01,_02,,,,,_02,,,,,,,,,,,,,,,,,,,,,,,,,,,,,,,,,
157,gen_pop,IE5BGL,IE5BGL,157,_02,1985,40,age_04,_06,_01,_03,_04,_04,,,,,,,,,_04,_02,,,,,,,,,,,,,,,,,,,,,,,,,,_03,_04,_04,_03,_02,_03,_03,_03,_04,_04,_03,_04,_04,_04,_02,_01,_05,_01,,,,,,,_04,,,,_03,,,,Yes,_03,company_02,_03,_01,_02,_08,_01,,,,,,_02,,,,,,,,,,,,,,,,,,,,,,,,,,,,,,,,,
159,gen_pop,6HNA72,6HNA72,159,_02,1977,48,age_05,_07,_01,_Other,_Other,_06,,,,,,,,,_03,_03,_01,_10,_09,_02,,,,,,,,,,,,,,,,,,,,,,_03,_03,_03,_03,_02,_03,_02,_02,_03,_03,_03,_03,_03,_03,_03,_02,_03,_01,_06,_05,,,,,_04,,_03,,_04,_03,,,Yes,_08,company_05,_10,_01,_01,_06,_01,,,,,,_02,,,,,,,,,,,,,,,,,,,,,,,,,,,,,,,,,
162,gen_pop,9DF9I7,9DF9I7,162,_02,1965,60,age_06,_06,_01,_02,_04,_08,,,,,,,,,_04,_02,,,,,,,,,,,,,,,,,,,,,,,,,,_02,_03,_03,_03,_01,_02,_02,_02,_04,_03,_03,_04,_04,_03,_04,_01,_07,_03,,,,,,,,,_04,,,,_04,,Yes,_05,company_03,_05,_04,_01,_06,_03,,,,,,_02,,,,,,,,,,,,,,,,,,,,,,,,,,,,,,,,,
164,gen_pop,B93934,B93934,164,_02,1982,43,age_04,_06,_01,_Other,_03,_06,_Other,,,,,,,,_02,_04,_03,_04,_21,,,,,,,,,,,,,,,,,,,,,,,_02,_02,_03,_03,_01,_03,_03,_03,_03,_03,_02,_02,_03,_03,_05,_02,_05,_04,,,,,,,,,,_04,_04,,,,Yes,_04,company_03,_03,_01,_01,_07,_01,,,,,,_01,,,,,,,,,,,,,,,,,,,,,,,,,,,,,,,,,
167,gen_pop,D8L17I,D8L17I,167,_02,1973,52,age_05,_06,_01,_Other,_03,_03,,,,,,,,,_04,_02,,,,,,,,,,,,,,,,,,,,,,,,,,_03,_04,_03,_03,_01,_02,_03,_03,_03,_03,_03,_02,_03,_03,_05,_01,_06,_04,_05,,,,,,,,,_04,_04,_04,,,Yes,_08,company_05,_10,_01,_01,_10,_01,,,,,,_02,,,,,,,,,,,,,,,,,,,,,,,,,,,,,,,,,
170,gen_pop,N2ML53,N2ML53,170,_02,1974,51,age_05,_07,_01,_Other,_03,_02,,,,,,,,,_04,_02,,,,,,,,,,,,,,,,,,,,,,,,,,_04,_04,_04,_03,_01,_01,_04,_04,_04,_04,_04,_04,_03,_04,_02,_01,_04,_06,_01,_05,,,,,_05,,,_03,_04,_03,,,Yes,_08,company_05,_10,_04,_01,_07,_01,,,,,,_02,,,,,,,,,,,,,,,,,,,,,,,,,,,,,,,,,
175,gen_pop,I6D9DH,I6D9DH,175,_02,1991,34,age_03,_04,_01,_02,_Other,_08,,,,,,,,,_05,_02,,,,,,,,,,,,,,,,,,,,,,,,,,_02,_03,_03,_02,_02,_01,_03,_03,_03,_03,_04,_03,_04,_04,_03,_02,_03,_05,,,,,,,,,_04,,_04,,,,Yes,_07,company_05,_10,_04,_04,_07,_01,,,,,,_02,,,,,,,,,,,,,,,,,,,,,,,,,,,,,,,,,
201,gen_pop,DLIC2L,DLIC2L,201,_02,1993,32,age_03,_03,_01,_03,_Other,_06,,,,,,,,,_04,_01,,,,,,,,,,,,,,,,,,,,,,,,,,_02,_03,_02,_02,_02,_03,_02,_01,_03,_04,_03,_03,_03,_03,_03,_01,_05,_07,,,,,,,,,,,_04,,_04,,Yes,_08,company_05,_10,_01,_03,_10,_03,,,,,,_02,,,,,,,,,,,,,,,,,,,,,,,,,,,,,,,,,
203,gen_pop,I2DGN6,I2DGN6,203,_02,1974,51,age_05,_07,_01,_Other,_04,_06,,,,,,,,,_04,_03,_03,_20,_04,_13,_09,_10,_18,_Other,,,,,,,,,,,,,,,,,,_03,_04,_04,_02,_01,_03,_04,_03,_04,_04,_03,_03,_04,_04,_03,_01,_01,_05,_07,_02,_04,,,,_03,_03,,_05,_04,,_04,,Yes,_08,company_05,_10,_04,_02,_08,_01,,,,,,_02,,,,,,,,,,,,,,,,,,,,,,,,,,,,,,,,,
205,gen_pop,JFL16N,JFL16N,205,_02,1971,54,age_05,_06,_02,_03,_01,_01,,,,,,,,,_03,_04,_03,_09,,,,,,,,,,,,,,,,,,,,,,,,_04,_04,_04,_04,_03,_03,_04,_04,_04,_02,_03,_03,_03,_04,_07,_04,_05,_06,_07,_04,_03,,,,,,_04,_03,_04,_03,_04,,Yes,_01,company_01,_03,_03,_01,_09,_01,,,,,,_02,,,,,,,,,,,,,,,,,,,,,,,,,,,,,,,,,
207,gen_pop,FEHFID,FEHFID,207,_02,1997,28,age_03,_04,_01,_03,_05,_06,,,,,,,,,_04,_02,,,,,,,,,,,,,,,,,,,,,,,,,,_04,_04,_04,_02,_02,_01,_04,_04,_03,_04,_04,_03,_04,_04,_02,_01,_05,,,,,,,,,,,,_03,,,,Yes,_03,company_02,_03,_04,_01,_05,_01,,,,,,_02,,,,,,,,,,,,,,,,,,,,,,,,,,,,,,,,,
208,gen_pop,1G8D11,1G8D11,208,_02,1975,50,age_05,_04,_01,_04,_Other,_06,,,,,,,,,_03,_02,,,,,,,,,,,,,,,,,,,,,,,,,,_04,_04,_04,_02,_02,_02,_04,_03,_03,_03,_03,_03,_03,_03,_03,_01,_06,_03,_02,,,,,,,_03,_04,,,_03,,,Yes,_08,company_05,_10,_01,_02,_05,_02,,,,,,_02,,,,,,,,,,,,,,,,,,,,,,,,,,,,,,,,,
209,gen_pop,7BNAA7,7BNAA7,209,_02,1985,40,age_04,_06,_01,_Other,_04,_06,,,,,,,,,_04,_02,,,,,,,,,,,,,,,,,,,,,,,,,,_03,_04,_04,_03,_03,_03,_04,_03,_04,_03,_04,_04,_04,_04,_04,_01,_05,,,,,,,,,,,,_04,,,,Yes,_05,company_03,_06,_01,_02,_05,_01,,,,,,_02,,,,,,,,,,,,,,,,,,,,,,,,,,,,,,,,,
220,gen_pop,79971K,79971K,220,_02,1968,57,age_06,_07,_01,_02,_Other,_02,,,,,,,,,_04,_02,,,,,,,,,,,,,,,,,,,,,,,,,,_03,_04,_03,_04,_03,_02,_02,_01,_04,_04,_04,_04,_03,_04,_03,_01,_05,_06,,,,,,,,,,,_04,_04,,,Yes,_08,company_05,_10,_03,_01,_08,_01,,,,,,_02,,,,,,,,,,,,,,,,,,,,,,,,,,,,,,,,,
223,gen_pop,44JG55,44JG55,223,_02,1997,28,age_03,_02,_01,_01,_04,_08,_Other,,,,,,,,_04,_02,,,,,,,,,,,,,,,,,,,,,,,,,,_04,_04,_04,_04,_01,_02,_03,_04,_04,_03,_04,_04,_04,_04,_02,_02,_06,_05,_07,_04,,,,,,,,_05,_05,_03,_05,,Yes,_05,company_03,_07,_03,_02,_06,_02,,,,,,_02,,,,,,,,,,,,,,,,,,,,,,,,,,,,,,,,,
225,gen_pop,FGJB19,FGJB19,225,_02,1966,59,age_06,_07,_07,,,,,,,,,,,,,,,,,,,,,,,,,,,,,,,,,,,,,,,_03,_03,_03,_03,_02,_03,_03,_02,_04,_04,_04,_03,_04,_04,_02,_04,_04,_05,_02,_01,_07,_06,,,_04,_03,,_03,_04,_03,_02,,Yes,_01,company_01,_01,_01,_01,_09,_01,,,,,,_02,,,,,,,,,,,,,,,,,,,,,,,,,,,,,,,,,
231,gen_pop,J5HFJE,J5HFJE,231,_02,1976,49,age_05,_04,_01,_02,_04,_02,,,,,,,,,_02,_05,_01,_03,,,,,,,,,,,,,,,,,,,,,,,,_04,_04,_04,_04,_01,_03,_04,_03,_04,_04,_04,_04,_04,_04,_03,_02,_05,,,,,,,,,,,,_04,,,,Yes,_08,company_05,_10,_04,_01,_07,_Other,,,,,,_02,,,,,,,,,,,,,,,,,,,,,,,,,,,,,,,,,
232,gen_pop,IHK2AN,IHK2AN,232,_02,1969,56,age_06,_06,_01,_02,_04,_02,,,,,,,,,_03,_03,_03,_13,_10,_01,_03,,,,,,,,,,,,,,,,,,,,,_04,_04,_04,_04,_01,_03,_04,_04,_02,_02,_03,_02,_02,_04,_01,_01,_06,_02,_03,_04,_01,,,,_04,_04,_04,_02,,_01,,,Yes,_06,company_04,_05,_01,_01,_09,_01,,,,,,_02,,,,,,,,,,,,,,,,,,,,,,,,,,,,,,,,,
235,gen_pop,L4AJJ2,L4AJJ2,235,_02,1995,30,age_03,_05,_01,_04,_03,_06,,,,,,,,,_05,_01,,,,,,,,,,,,,,,,,,,,,,,,,,_03,_04,_04,_03,_01,_03,_04,_04,_04,_04,_04,_04,_04,_04,_04,_01,_05,_03,,,,,,,,,_02,,_04,,,,Yes,_08,company_05,_05,_01,_01,_07,_01,,,,,,_01,,,,,,,,,,,,,,,,,,,,,,,,,,,,,,,,,
236,gen_pop,EN6JD9,EN6JD9,236,_02,1964,61,age_06,_05,_01,_03,_Other,_04,,,,,,,,,_04,_01,,,,,,,,,,,,,,,,,,,,,,,,,,_03,_03,_02,_02,_02,_01,_02,_02,_03,_04,_04,_04,_03,_04,_04,_01,_05,_03,_04,,,,,,,,_04,_04,_04,,,,Yes,_02,company_01,_06,_04,_01,_07,_01,,,,,,_02,,,,,,,,,,,,,,,,,,,,,,,,,,,,,,,,,
237,gen_pop,JDHLC4,JDHLC4,237,_02,1991,34,age_03,_05,_01,_03,_04,_04,,,,,,,,,_04,_02,,,,,,,,,,,,,,,,,,,,,,,,,,_03,_04,_04,_04,_02,_03,_04,_03,_03,_04,_03,_03,_03,_04,_03,_02,none,,,,,,,,,,,,,,,,Yes,_04,company_03,_03,_03,_01,_06,_01,,,,,,_02,,,,,,,,,,,,,,,,,,,,,,,,,,,,,,,,,
246,gen_pop,ELD7E6,ELD7E6,246,_02,1984,41,age_04,_06,_01,_02,_03,_03,,,,,,,,,_04,_02,,,,,,,,,,,,,,,,,,,,,,,,,,_03,_04,_04,_02,_03,_03,_04,_03,_04,_03,_04,_04,_04,_04,_02,_02,_01,_05,_06,,,,,,_05,,,,_04,_04,,,Yes,_03,company_02,_10,_01,_03,_09,_01,,,,,,_02,,,,,,,,,,,,,,,,,,,,,,,,,,,,,,,,,
253,gen_pop,6AHK8A,6AHK8A,253,_02,1979,46,age_05,_06,_01,_02,_04,_02,,,,,,,,,_05,_01,,,,,,,,,,,,,,,,,,,,,,,,,,_03,_04,_04,_04,_01,_02,_03,_04,_04,_04,_04,_04,_04,_04,_02,_01,_05,_06,,,,,,,,,,,_04,_04,,,Yes,_02,company_01,_05,_01,_02,_07,_01,,,,,,_02,,,,,,,,,,,,,,,,,,,,,,,,,,,,,,,,,
255,gen_pop,8IJH46,8IJH46,255,_02,1979,46,age_05,_06,_01,_02,_04,_01,_04,_05,_06,_07,_08,,,,_04,_03,_03,_06,_13,_09,_04,,,,,,,,,,,,,,,,,,,,,_04,_04,_04,_04,_02,_03,_03,_04,_03,_04,_03,_04,_03,_04,_03,_01,_03,_05,_04,,,,,,,,_04,_03,_03,,,,Yes,_08,company_05,_10,_01,_01,_09,_01,,,,,,_01,,,,,,,,,,,,,,,,,,,,,,,,,,,,,,,,,
256,gen_pop,9JD926,9JD926,256,_02,1965,60,age_06,_07,_01,_Other,_01,_01,,,,,,,,,_04,_01,,,,,,,,,,,,,,,,,,,,,,,,,,_03,_04,_04,_04,_03,_03,_04,_03,_04,_04,_04,_04,_04,_04,_07,_04,_01,_06,_04,_07,,,,,_04,,,_03,,_04,_03,,No,_01,company_01,_01,_01,_01,_09,_01,,,,,,_02,,,,,,,,,,,,,,,,,,,,,,,,,,,,,,,,,
257,gen_pop,IJH6EG,IJH6EG,257,_02,1979,46,age_05,_07,_01,_03,_03,_01,,,,,,,,,_04,_02,,,,,,,,,,,,,,,,,,,,,,,,,,_03,_04,_04,_02,_01,_02,_04,_04,_04,_04,_04,_04,_04,_04,_02,_01,_06,_07,_03,_05,,,,,,,_03,,_03,_03,_03,,Yes,_08,company_05,_08,_01,_02,_09,_01,,,,,,_02,,,,,,,,,,,,,,,,,,,,,,,,,,,,,,,,,
260,gen_pop,I73FCG,I73FCG,260,_02,1986,39,age_04,_06,_03,_Other,_04,_06,,,,,,,,,_02,_05,_01,_04,_11,,,,,,,,,,,,,,,,,,,,,,,_03,_04,_04,_04,_01,_04,_04,_04,_04,_04,_04,_04,_04,_04,_03,_04,_05,_02,_01,,,,,,_05,_04,,,_05,,,,Yes,_08,company_05,_10,_01,_03,_08,_02,,,,,,_02,,,,,,,,,,,,,,,,,,,,,,,,,,,,,,,,,
366,gen_pop,I7AJ44,I7AJ44,366,_02,1992,33,age_03,_04,_01,_03,_04,_04,_06,,,,,,,,_03,_04,_03,_03,_04,_18,,,,,,,,,,,,,,,,,,,,,,_04,_04,_04,_04,_03,_03,_04,_04,_03,_02,_02,_02,_03,_04,_02,_01,_03,_02,_04,_05,_07,,,,,_05,_04,_05,_05,,_05,,Yes,_08,company_05,_10,_01,_03,_05,_Other,,,,,,_02,,,,,,,,,,,,,,,,,,,,,,,,,,,,,,,,,
367,gen_pop,MGJAHK,MGJAHK,367,_02,1976,49,age_05,_07,_01,_01,_02,_01,,,,,,,,,_05,_01,,,,,,,,,,,,,,,,,,,,,,,,,,_01,_03,_02,_01,_01,_02,_03,_02,_04,_04,_04,_04,_04,_04,_02,_01,_05,_06,,,,,,,,,,,_03,_05,,,Yes,_08,company_05,_10,_04,_01,_09,_01,_04,,,,,_02,,,,,,,,,,,,,,,,,,,,,,,,,,,,,,,,,
369,gen_pop,8JKAIH,8JKAIH,369,_02,1986,39,age_04,_06,_01,_03,_04,_03,,,,,,,,,_04,_02,,,,,,,,,,,,,,,,,,,,,,,,,,_03,_04,_03,_03,_02,_01,_03,_03,_04,_04,_04,_04,_04,_04,_04,_01,_06,_01,_04,_07,_05,,,,_04,,,_04,_04,_03,_04,,Yes,_06,company_04,_06,_01,_03,_09,_01,,,,,,_02,,,,,,,,,,,,,,,,,,,,,,,,,,,,,,,,,
371,gen_pop,KI7D1M,KI7D1M,371,_02,1967,58,age_06,_07,_01,_02,_Other,_02,,,,,,,,,_04,_01,,,,,,,,,,,,,,,,,,,,,,,,,,_04,_04,_04,_03,_02,_03,_04,_03,_04,_04,_04,_04,_04,_04,_02,_01,_05,_01,_06,_07,,,,,_04,,,,_04,_04,_05,,Yes,_08,company_05,_09,_04,_01,_07,_01,,,,,,_02,,,,,,,,,,,,,,,,,,,,,,,,,,,,,,,,,
375,gen_pop,G8HCCJ,G8HCCJ,375,_02,2000,25,age_03,_04,_01,_02,_Other,_03,,,,,,,,,_04,_02,,,,,,,,,,,,,,,,,,,,,,,,,,_03,_04,_04,_04,_02,_02,_03,_02,_03,_02,_04,_03,_04,_04,_04,_02,_06,,,,,,,,,,,,,_03,,,Yes,_04,company_03,_04,_04,_01,_05,_01,,,,,,_02,,,,,,,,,,,,,,,,,,,,,,,,,,,,,,,,,
378,gen_pop,28489E,28489E,378,_02,1979,46,age_05,_07,_01,_Other,_Other,_06,,,,,,,,,_03,_03,_03,_16,_18,_10,,,,,,,,,,,,,,,,,,,,,,_02,_03,_03,_01,_01,_02,_02,_01,_04,_03,_04,_04,_04,_03,_03,_01,_05,_Other,,,,,,,,,,,_04,,,_04,Yes,_03,company_02,_10,_01,_01,_09,_01,,,,,,_02,,,,,,,,,,,,,,,,,,,,,,,,,,,,,,,,,
379,gen_pop,2BL8J2,2BL8J2,379,_02,1982,43,age_04,_03,_01,_01,_06,_04,,,,,,,,,_02,_03,_03,_02,,,,,,,,,,,,,,,,,,,,,,,,_03,_03,_03,_03,_03,_03,_02,_02,_02,_02,_02,_02,_03,_03,_02,_01,_05,,,,,,,,,,,,_02,,,,Yes,_04,company_03,_04,_04,_01,_03,_01,,,,,,_02,,,,,,,,,,,,,,,,,,,,,,,,,,,,,,,,,
380,gen_pop,1BBHFI,1BBHFI,380,_02,1971,54,age_05,_04,_01,_04,_04,_04,,,,,,,,,_04,_03,_03,_18,_02,_19,_09,,,,,,,,,,,,,,,,,,,,,_02,_04,_03,_02,_01,_01,_03,_01,_04,_04,_04,_04,_04,_04,_04,_01,_07,_05,_04,_03,_02,_06,,,,_03,_03,_04,_04,_04,_05,,Yes,_08,company_05,_10,_04,_01,_06,_01,,,,,,_02,,,,,,,,,,,,,,,,,,,,,,,,,,,,,,,,,
382,gen_pop,4NMA56,4NMA56,382,_02,1971,54,age_05,_07,_01,_04,_02,_06,,,,,,,,,_05,_01,,,,,,,,,,,,,,,,,,,,,,,,,,_03,_04,_03,_01,_02,_02,_03,_02,_04,_04,_04,_04,_04,_04,_05,_01,_07,_01,,,,,,,_04,,,,,,_04,,Yes,_08,company_05,_10,_04,_01,_09,_01,,,,,,_02,,,,,,,,,,,,,,,,,,,,,,,,,,,,,,,,,
384,gen_pop,29LNAD,29LNAD,384,_02,1973,52,age_05,_05,_01,_Other,_03,_03,,,,,,,,,_03,_02,,,,,,,,,,,,,,,,,,,,,,,,,,_02,_03,_03,_02,_02,_02,_03,_03,_03,_03,_03,_02,_03,_03,_04,_01,_05,_06,_07,_04,,,,,,,,_04,_04,_04,_04,,Yes,_08,company_05,_10,_01,_01,_10,_01,,,,,,_02,,,,,,,,,,,,,,,,,,,,,,,,,,,,,,,,,
387,gen_pop,B12432,B12432,387,_02,1982,43,age_04,_03,_01,_03,_03,_02,,,,,,,,,_02,_04,_03,_11,_02,_04,,,,,,,,,,,,,,,,,,,,,,_04,_04,_04,_03,_02,_03,_04,_03,_04,_04,_04,_04,_04,_04,_02,_01,_06,_05,_07,,,,,,,,,,_03,_04,_04,,Yes,_01,company_01,_05,_04,_03,_08,_01,,,,,,_02,,,,,,,,,,,,,,,,,,,,,,,,,,,,,,,,,
391,gen_pop,68CL65,68CL65,391,_02,1963,62,age_06,_07,_01,_02,_02,_01,,,,,,,,,_04,_01,,,,,,,,,,,,,,,,,,,,,,,,,,_04,_03,_04,_02,_02,_03,_03,_03,_04,_04,_04,_03,_03,_04,_02,_01,_01,_03,_05,_06,_07,,,,_05,,_05,,_05,_04,_04,,Yes,_08,company_05,_10,_01,_01,_09,_01,,,,,,_02,,,,,,,,,,,,,,,,,,,,,,,,,,,,,,,,,
392,gen_pop,2MHHDL,2MHHDL,392,_02,1994,31,age_03,_05,_01,_02,_03,_02,,,,,,,,,_03,_03,_01,_03,_18,,,,,,,,,,,,,,,,,,,,,,,_04,_04,_04,_04,_01,_03,_03,_02,_03,_03,_03,_03,_02,_04,_05,_02,_04,_06,_07,_05,_02,,,,,_05,,_03,_03,_03,_05,,Yes,_08,company_05,_10,_01,_03,_07,_01,,,,,,_02,,,,,,,,,,,,,,,,,,,,,,,,,,,,,,,,,
393,gen_pop,9NJ6HD,9NJ6HD,393,_02,1975,50,age_05,_07,_01,_04,_03,_01,_04,_06,,,,,,,_03,_04,_01,_02,_16,,,,,,,,,,,,,,,,,,,,,,,_04,_03,_04,_02,_01,_02,_04,_03,_04,_03,_03,_04,_03,_04,_02,_01,_05,_06,_04,_02,_07,_03,,,,_04,_04,_04,_04,_04,_04,,Yes,_08,company_05,_04,_01,_04,_09,_01,,,,,,_02,,,,,,,,,,,,,,,,,,,,,,,,,,,,,,,,,
394,gen_pop,JGEKIA,JGEKIA,394,_02,1969,56,age_06,_06,_01,_02,_04,_02,,,,,,,,,_04,_02,,,,,,,,,,,,,,,,,,,,,,,,,,_03,_04,_03,_04,_01,_03,_04,_04,_04,_04,_04,_04,_03,_04,_02,_01,_04,_03,_06,_07,_01,_05,,,_04,,_04,_03,_04,_03,_03,,Yes,_06,company_04,_06,_01,_01,_09,_01,,,,,,_02,,,,,,,,,,,,,,,,,,,,,,,,,,,,,,,,,
395,gen_pop,E12H79,E12H79,395,_02,2001,24,age_02,_04,_01,_02,_Other,_02,_Other,,,,,,,,_05,_01,,,,,,,,,,,,,,,,,,,,,,,,,,_03,_03,_03,_01,_02,_01,_02,_02,_03,_03,_04,_04,_03,_04,_03,_01,_03,_05,_07,,,,,,,,_05,,_05,,_05,,Yes,_08,company_05,_09,_04,_01,_04,_01,,,,,,_02,,,,,,,,,,,,,,,,,,,,,,,,,,,,,,,,,
396,gen_pop,F1JED3,F1JED3,396,_02,1997,28,age_03,_03,_01,_02,_Other,_02,,,,,,,,,_04,_03,_01,_19,_09,_02,_04,_11,,,,,,,,,,,,,,,,,,,,_04,_04,_04,_03,_01,_03,_04,_03,_04,_04,_04,_04,_04,_04,_03,_01,_06,_05,_Other,,,,,,,,,,_03,_03,,_04,Yes,_08,company_05,_10,_03,_01,_06,_01,,,,,,_01,,,,,,,,,,,,,,,,,,,,,,,,,,,,,,,,,
398,gen_pop,F7FMKJ,F7FMKJ,398,_02,1981,44,age_04,_03,_07,,,,,,,,,,,,,,,,,,,,,,,,,,,,,,,,,,,,,,,_02,_03,_03,_02,_01,_01,_02,_03,_04,_04,_03,_04,_04,_04,_03,_02,_02,_07,_05,,,,,,,_04,,,_04,,_04,,Yes,_01,company_01,_01,_01,_01,_10,_01,,,,,,_02,,,,,,,,,,,,,,,,,,,,,,,,,,,,,,,,,
399,gen_pop,2J95DK,2J95DK,399,_02,1982,43,age_04,_06,_01,_Other,_03,_06,_Other,,,,,,,,_02,_04,_03,_10,_21,_04,_12,,,,,,,,,,,,,,,,,,,,,_02,_03,_03,_02,_01,_03,_03,_03,_03,_04,_03,_02,_03,_03,_05,_02,_05,_04,_03,,,,,,,,_04,_04,_04,,,,Yes,_04,company_03,_04,_01,_01,_07,_01,,,,,,_01,,,,,,,,,,,,,,,,,,,,,,,,,,,,,,,,,
400,gen_pop,1HIG8E,1HIG8E,400,_02,2000,25,age_03,_03,_01,_02,_05,_03,,,,,,,,,_04,_02,,,,,,,,,,,,,,,,,,,,,,,,,,_03,_04,_03,_03,_02,_02,_04,_04,_02,_03,_03,_02,_02,_03,_03,_01,_06,_01,_05,_07,,,,,_05,,,,_03,_03,_05,,Yes,_08,company_05,_10,_04,_01,_04,_01,,,,,,_02,,,,,,,,,,,,,,,,,,,,,,,,,,,,,,,,,
401,gen_pop,7E377F,7E377F,401,_02,1987,38,age_04,_06,_01,_Other,_Other,_06,,,,,,,,,_04,_01,,,,,,,,,,,,,,,,,,,,,,,,,,_03,_04,_02,_02,_01,_03,_04,_02,_03,_04,_04,_03,_04,_03,_04,_01,_03,_05,,,,,,,,,_03,,_03,,,,Yes,_08,company_05,_10,_04,_02,_05,_01,,,,,,_02,,,,,,,,,,,,,,,,,,,,,,,,,,,,,,,,,
402,gen_pop,97D6IN,97D6IN,402,_02,1986,39,age_04,_03,_01,_03,_04,_01,_06,,,,,,,,_03,_05,_01,_02,_16,_09,_06,_14,_04,,,,,,,,,,,,,,,,,,,_03,_04,_03,_04,_02,_04,_03,_02,_04,_04,_04,_03,_04,_04,_03,_01,_03,_01,_05,_07,,,,,_04,,_02,,_04,,_04,,Yes,_08,company_05,_10,_01,_03,_05,_01,,,,,,_02,,,,,,,,,,,,,,,,,,,,,,,,,,,,,,,,,
404,gen_pop,7FK2IM,7FK2IM,404,_02,1964,61,age_06,_06,_01,_03,_01,_01,,,,,,,,,_05,_01,,,,,,,,,,,,,,,,,,,,,,,,,,_02,_03,_03,_02,_03,_03,_03,_03,_04,_04,_04,_04,_04,_04,_06,_04,_05,_01,_06,_07,,,,,_05,,,,_05,_04,_05,,Yes,_02,company_01,_03,_02,_01,_07,_01,,,,,,_02,,,,,,,,,,,,,,,,,,,,,,,,,,,,,,,,,
406,gen_pop,A2FKE7,A2FKE7,406,_02,1977,48,age_05,_06,_03,_03,_02,_03,,,,,,,,,_01,_05,_03,_03,_14,_13,_04,,,,,,,,,,,,,,,,,,,,,_04,_04,_04,_04,_01,_04,_04,_04,_03,_02,_01,_03,_01,_04,_01,_01,_07,_04,_06,_05,,,,,,,,_04,_04,_03,_04,,Yes,_08,company_05,_10,_01,_01,_08,_01,,,,,,_02,,,,,,,,,,,,,,,,,,,,,,,,,,,,,,,,,
407,gen_pop,EHAA24,EHAA24,407,_02,1977,48,age_05,_07,_01,_01,_04,_02,_03,_Other,,,,,,,_04,_03,_03,_04,_Other,,,,,,,,,,,,,,,,,,,,,,,_03,_02,_03,_03,_02,_03,_03,_02,_04,_03,_04,_03,_03,_04,_02,_01,_02,_07,_06,_05,,,,,,_02,,,_04,_04,_03,,Yes,_05,company_03,_07,_01,_03,_07,none,,,,,,_02,,,,,,,,,,,,,,,,,,,,,,,,,,,,,,,,,
408,gen_pop,LJJ2E9,LJJ2E9,408,_02,1968,57,age_06,_07,_01,_02,_03,_01,_02,,,,,,,,_02,_05,_03,_11,_13,_10,_03,_19,,,,,,,,,,,,,,,,,,,,_04,_04,_04,_03,_04,_04,_04,_02,_04,_03,_04,_04,_04,_04,_02,_01,_07,_05,_06,_04,,,,,,,,_03,_04,_04,_04,,Yes,_01,company_01,_07,_04,_01,_09,_01,_04,,,,,_02,,,,,,,,,,,,,,,,,,,,,,,,,,,,,,,,,
410,gen_pop,7MB868,7MB868,410,_02,1985,40,age_04,_06,_01,_Other,_04,_06,,,,,,,,,_03,_03,_03,_02,_10,_16,_18,_09,,,,,,,,,,,,,,,,,,,,_04,_04,_04,_04,_03,_03,_04,_03,_04,_03,_03,_03,_03,_03,_02,_01,_04,_07,_05,_03,_01,,,,_03,,_04,_03,_04,,_05,,Yes,_08,company_05,_10,_04,_01,_06,_01,,,,,,_02,,,,,,,,,,,,,,,,,,,,,,,,,,,,,,,,,
413,gen_pop,4B9D8J,4B9D8J,413,_02,1973,52,age_05,_04,_01,_03,_07,_08,,,,,,,,,_04,_02,,,,,,,,,,,,,,,,,,,,,,,,,,_03,_04,_04,_04,_02,_02,_04,_04,_04,_04,_04,_04,_04,_03,_02,_01,_03,_05,,,,,,,,,_04,,_04,,,,Yes,_01,company_01,_08,_01,_01,_04,_01,,,,,,_02,,,,,,,,,,,,,,,,,,,,,,,,,,,,,,,,,
414,gen_pop,CGIFDB,CGIFDB,414,_02,1999,26,age_03,_02,_01,_01,_07,_08,,,,,,,,,_05,_01,,,,,,,,,,,,,,,,,,,,,,,,,,_02,_03,_02,_02,_02,_02,_02,_02,_04,_04,_04,_04,_04,_04,_03,_02,_02,_07,_06,_05,_04,_03,,,,_05,_05,_05,_05,_05,_05,,Yes,_05,company_03,_06,_01,_01,_07,_01,,,,,,_02,,,,,,,,,,,,,,,,,,,,,,,,,,,,,,,,,
416,gen_pop,47AF8G,47AF8G,416,_02,1971,54,age_05,_07,_01,_01,_03,_Other,,,,,,,,,_04,_01,,,,,,,,,,,,,,,,,,,,,,,,,,_03,_03,_03,_02,_02,_02,_03,_02,_03,_04,_04,_04,_04,_04,_03,_01,_01,_06,_05,_02,_04,_07,,,_03,_03,,_04,_03,_03,_03,,Yes,_08,company_05,_10,_04,_01,_08,_01,,,,,,_02,,,,,,,,,,,,,,,,,,,,,,,,,,,,,,,,,
417,gen_pop,D7348D,D7348D,417,_02,1974,51,age_05,_07,_01,_Other,_03,_02,,,,,,,,,_03,_01,,,,,,,,,,,,,,,,,,,,,,,,,,_04,_04,_04,_03,_01,_01,_04,_04,_04,_04,_03,_04,_04,_04,_02,_01,_05,_04,_06,_01,,,,,_04,,,_04,_03,_04,,,Yes,_08,company_05,_10,_04,_01,_07,_01,,,,,,_02,,,,,,,,,,,,,,,,,,,,,,,,,,,,,,,,,
419,gen_pop,A23CF7,A23CF7,419,_02,2001,24,age_02,_03,_01,_02,_04,_03,,,,,,,,,_04,_02,,,,,,,,,,,,,,,,,,,,,,,,,,_03,_04,_04,_02,_02,_03,_02,_03,_04,_03,_03,_03,_03,_03,_04,_02,_05,_04,_06,_07,_02,,,,,_04,,_04,_04,_04,_04,,Yes,_08,company_05,_10,_03,_01,_04,_03,,,,,,_02,,,,,,,,,,,,,,,,,,,,,,,,,,,,,,,,,
420,gen_pop,E4D1LM,E4D1LM,420,_02,1991,34,age_03,_05,_01,_Other,_04,_06,_08,,,,,,,,_04,_02,,,,,,,,,,,,,,,,,,,,,,,,,,_04,_04,_04,_04,_01,_03,_04,_03,_04,_04,_03,_03,_03,_04,_02,_01,_07,_03,_04,_05,,,,,,,_05,_05,_05,,_05,,Yes,_08,company_05,_10,_04,_01,_06,_01,,,,,,_02,,,,,,,,,,,,,,,,,,,,,,,,,,,,,,,,,
421,gen_pop,GKIN8F,GKIN8F,421,_02,1990,35,age_04,_05,_01,_02,_Other,_01,,,,,,,,,_04,_01,,,,,,,,,,,,,,,,,,,,,,,,,,_03,_04,_04,_02,_03,_03,_04,_03,_04,_03,_03,_04,_04,_04,_03,_02,none,,,,,,,,,,,,,,,,Yes,_08,company_05,_07,_04,_02,_03,_03,,,,,,_02,,,,,,,,,,,,,,,,,,,,,,,,,,,,,,,,,
422,gen_pop,8I35E1,8I35E1,422,_02,1982,43,age_04,_07,_01,_02,_04,_03,,,,,,,,,_05,_02,,,,,,,,,,,,,,,,,,,,,,,,,,_03,_04,_03,_04,_02,_02,_04,_04,_04,_04,_04,_04,_03,_03,_03,_01,_05,_06,,,,,,,,,,,_04,_04,,,Yes,_08,company_05,_08,_01,_03,_10,_01,,,,,,_02,,,,,,,,,,,,,,,,,,,,,,,,,,,,,,,,,
425,gen_pop,LFCL3J,LFCL3J,425,_02,1983,42,age_04,_06,_01,_03,_04,_04,_06,,,,,,,,_04,_01,,,,,,,,,,,,,,,,,,,,,,,,,,_03,_04,_03,_04,_02,_01,_03,_03,_03,_04,_03,_03,_03,_03,_03,_02,_06,_03,_05,,,,,,,,_04,,_03,_03,,,Yes,_08,company_05,_10,_04,_01,_06,_01,,,,,,_02,,,,,,,,,,,,,,,,,,,,,,,,,,,,,,,,,
430,gen_pop,K9N31J,K9N31J,430,_02,1973,52,age_05,_07,_01,_04,_07,_06,,,,,,,,,_03,_01,,,,,,,,,,,,,,,,,,,,,,,,,,_04,_04,_04,_04,_02,_02,_04,_03,_03,_03,_03,_04,_03,_04,_03,_01,_06,_03,_07,_05,,,,,,,_04,,_04,_04,_04,,Yes,_08,company_05,_10,_01,_01,_06,_01,,,,,,_02,,,,,,,,,,,,,,,,,,,,,,,,,,,,,,,,,
431,gen_pop,J2JGCB,J2JGCB,431,_02,1971,54,age_05,_05,_01,_02,_04,_02,,,,,,,,,_04,_02,,,,,,,,,,,,,,,,,,,,,,,,,,_04,_04,_03,_03,_01,_01,_04,_02,_04,_04,_04,_04,_03,_04,_03,_02,_06,_07,_05,,,,,,,,,,_04,_04,_05,,Yes,_08,company_05,_10,_01,_01,_06,_01,,,,,,_02,,,,,,,,,,,,,,,,,,,,,,,,,,,,,,,,,
435,gen_pop,HBKDG1,HBKDG1,435,_02,1975,50,age_05,_04,_01,_Other,_03,_06,,,,,,,,,_02,_05,_03,_10,_24,_21,,,,,,,,,,,,,,,,,,,,,,_03,_04,_02,_03,_01,_02,_04,_01,_02,_03,_03,_01,_03,_04,_03,_01,_05,_03,_02,,,,,,,_04,_03,,_03,,,,Yes,_08,company_05,_10,_01,_01,_07,_01,,,,,,_02,,,,,,,,,,,,,,,,,,,,,,,,,,,,,,,,,
437,gen_pop,N31CHG,N31CHG,437,_02,1974,51,age_05,_07,_01,_Other,_04,_06,,,,,,,,,_03,_04,_03,_18,_10,_04,_09,_06,,,,,,,,,,,,,,,,,,,,_03,_03,_04,_02,_01,_03,_04,_03,_03,_04,_04,_03,_04,_04,_03,_01,_03,_02,_05,_04,_01,_07,,,_04,_03,_03,_04,_05,,_05,,Yes,_08,company_05,_10,_04,_02,_08,_01,,,,,,_02,,,,,,,,,,,,,,,,,,,,,,,,,,,,,,,,,
439,gen_pop,B6261D,B6261D,439,_02,1991,34,age_03,_03,_01,_02,_07,_08,,,,,,,,,_05,_02,,,,,,,,,,,,,,,,,,,,,,,,,,_03,_04,_04,_03,_03,_03,_04,_04,_03,_03,_04,_03,_03,_03,_04,_02,_05,_07,,,,,,,,,,,_05,,_05,,Yes,_07,company_05,_10,_04,_04,_08,_01,,,,,,_02,,,,,,,,,,,,,,,,,,,,,,,,,,,,,,,,,
441,gen_pop,EAG729,EAG729,441,_02,1986,39,age_04,_06,_01,_03,_02,_03,,,,,,,,,_01,_05,_02,_18,_12,_24,_13,_10,_11,_03,,,,,,,,,,,,,,,,,,_03,_03,_04,_02,_02,_03,_04,_03,_02,_01,_01,_01,_01,_04,_02,_01,_06,,,,,,,,,,,,,_03,,,Yes,_08,company_05,_08,_03,_03,_07,_01,,,,,,_02,,,,,,,,,,,,,,,,,,,,,,,,,,,,,,,,,
444,gen_pop,4LDAM7,4LDAM7,444,_02,1978,47,age_05,_07,_01,_02,_03,_06,,,,,,,,,_03,_03,_01,_10,_09,_13,_Other,,,,,,,,,,,,,,,,,,,,,_04,_04,_04,_03,_01,_03,_04,_04,_03,_04,_04,_04,_03,_04,_03,_01,_05,,,,,,,,,,,,_03,,,,Yes,_08,company_05,_10,_04,_01,_09,_01,,,,,,_02,,,,,,,,,,,,,,,,,,,,,,,,,,,,,,,,,
446,gen_pop,GFHD6J,GFHD6J,446,_02,2000,25,age_03,_04,_01,_Other,_04,_04,_06,_07,,,,,,,_02,_05,_03,_10,_04,_02,_11,_09,_18,,,,,,,,,,,,,,,,,,,_03,_03,_04,_04,_02,_04,_03,_03,_03,_03,_03,_02,_03,_03,_04,_02,none,,,,,,,,,,,,,,,,Yes,_02,company_01,_08,_04,_01,_04,_01,,,,,,_02,,,,,,,,,,,,,,,,,,,,,,,,,,,,,,,,,
449,gen_pop,77EN13,77EN13,449,_02,1993,32,age_03,_06,_01,_02,_04,_05,,,,,,,,,_04,_01,,,,,,,,,,,,,,,,,,,,,,,,,,_03,_02,_03,_03,_02,_03,_03,_02,_03,_03,_03,_03,_03,_04,_02,_01,_04,_02,,,,,,,,_03,,_04,,,,,Yes,_08,company_05,_09,_01,_01,_10,_04,,,,,,_02,,,,,,,,,,,,,,,,,,,,,,,,,,,,,,,,,
452,gen_pop,BBBD3D,BBBD3D,452,_02,1984,41,age_04,_06,_01,_02,_04,_02,,,,,,,,,_04,_01,,,,,,,,,,,,,,,,,,,,,,,,,,_03,_04,_03,_02,_01,_03,_03,_03,_04,_04,_04,_04,_04,_04,_03,_01,_03,_06,_05,,,,,,,,_04,,_04,_04,,,Yes,_08,company_05,_10,_01,_02,_07,_01,,,,,,_02,,,,,,,,,,,,,,,,,,,,,,,,,,,,,,,,,
454,gen_pop,M95CH5,M95CH5,454,_02,1971,54,age_05,_05,_01,_Other,_Other,_06,,,,,,,,,_04,_01,,,,,,,,,,,,,,,,,,,,,,,,,,_03,_04,_03,_03,_01,_03,_03,_03,_04,_03,_03,_04,_03,_03,_05,_01,_07,_05,_03,,,,,,,,_03,,_03,,_04,,Yes,_08,company_05,_10,_01,_01,_07,_02,,,,,,_02,,,,,,,,,,,,,,,,,,,,,,,,,,,,,,,,,
456,gen_pop,JKMH5I,JKMH5I,456,_02,1972,53,age_05,_03,_01,_Other,_02,_03,,,,,,,,,_05,_01,,,,,,,,,,,,,,,,,,,,,,,,,,_03,_04,_04,_04,_02,_02,_03,_03,_03,_03,_04,_04,_04,_04,_03,_01,_04,_02,,,,,,,,_04,,_04,,,,,Yes,_08,company_05,_03,_01,_02,_09,_01,,,,,,_02,,,,,,,,,,,,,,,,,,,,,,,,,,,,,,,,,
462,gen_pop,KCKMC3,KCKMC3,462,_02,1964,61,age_06,_06,_01,_02,_04,_02,,,,,,,,,_04,_03,_01,_18,,,,,,,,,,,,,,,,,,,,,,,,_03,_04,_03,_02,_02,_02,_03,_02,_03,_03,_03,_04,_03,_04,_02,_01,_07,_05,_06,,,,,,,,,,_03,_03,_04,,Yes,_04,company_03,_04,_01,_01,_07,_01,,,,,,_02,,,,,,,,,,,,,,,,,,,,,,,,,,,,,,,,,
463,gen_pop,6DJDEK,6DJDEK,463,_02,1966,59,age_06,_07,_03,_04,_04,_06,,,,,,,,,_03,_04,_03,_18,_04,_03,_21,,,,,,,,,,,,,,,,,,,,,_04,_04,_04,_03,_02,_03,_04,_02,_03,_03,_02,_02,_03,_04,_02,_04,_01,_03,_05,_Other,,,,,_04,,_04,,_03,,,_04,Yes,_01,company_01,_01,_01,_01,_09,_01,,,,,,_02,,,,,,,,,,,,,,,,,,,,,,,,,,,,,,,,,
468,gen_pop,HE5IJG,HE5IJG,468,_02,1963,62,age_06,_07,_01,_02,_04,_02,,,,,,,,,_05,_01,,,,,,,,,,,,,,,,,,,,,,,,,,_03,_03,_04,_04,_02,_01,_04,_03,_04,_04,_04,_04,_03,_04,_04,_01,_05,_01,,,,,,,_03,,,,_03,,,,Yes,_07,company_05,_10,_04,_01,_07,_01,,,,,,_02,,,,,,,,,,,,,,,,,,,,,,,,,,,,,,,,,
502,gen_pop,JG68I8,JG68I8,502,_02,1971,54,age_05,_07,_01,_02,_03,_03,,,,,,,,,_04,_02,,,,,,,,,,,,,,,,,,,,,,,,,,_01,_04,_03,_02,_01,_03,_03,_02,_04,_04,_03,_04,_04,_03,_03,_01,_05,,,,,,,,,,,,_03,,,,Yes,_06,company_04,_07,_01,_01,_08,_01,,,,,,_02,,,,,,,,,,,,,,,,,,,,,,,,,,,,,,,,,
531,gen_pop,D9GC63,D9GC63,531,_02,1981,44,age_04,_07,_01,_04,_04,_06,,,,,,,,,_02,_02,,,,,,,,,,,,,,,,,,,,,,,,,,_04,_04,_04,_02,_01,_03,_04,_04,_04,_04,_04,_04,_04,_04,_02,_01,_05,_03,_04,_06,,,,,,,_05,_05,_05,_04,,,Yes,_08,company_05,_10,_04,_04,_07,_01,,,,,,_02,,,,,,,,,,,,,,,,,,,,,,,,,,,,,,,,,
534,gen_pop,6FAJNM,6FAJNM,534,_02,1971,54,age_05,_06,_01,_02,_03,_02,,,,,,,,,_03,_03,_01,_19,,,,,,,,,,,,,,,,,,,,,,,,_04,_04,_03,_04,_01,_02,_04,_03,_04,_04,_03,_04,_04,_04,_04,_01,_04,_06,_07,_03,_05,_Other,,,,,_02,_03,_03,_03,_04,_04,Yes,_08,company_05,_08,_04,_01,_08,_01,,,,,,_02,,,,,,,,,,,,,,,,,,,,,,,,,,,,,,,,,
569,gen_pop,38DG1C,38DG1C,569,_02,1987,38,age_04,_06,_01,_04,_Other,_04,_06,_07,,,,,,,_02,_05,_03,_24,_12,_11,_13,_09,_14,_10,_02,,,,,,,,,,,,,,,,,_04,_04,_04,_03,_03,_04,_04,_04,_03,_03,_02,_01,_01,_03,_01,_01,_04,_03,_02,_07,_05,_06,_01,,_05,_03,_03,_03,_05,_05,_04,,Yes,_08,company_05,_01,_04,_02,_05,_Other,,,,,,_01,,,,,,,,,,,,,,,,,,,,,,,,,,,,,,,,,
573,gen_pop,2DHM27,2DHM27,573,_01,1995,30,age_03,_05,_01,_03,_05,_06,,,,,,,,,_04,_01,,,,,,,,,,,,,,,,,,,,,,,,,,_02,_03,_02,_03,_02,_02,_03,_02,_03,_03,_03,_03,_03,_03,_04,_02,_07,_04,,,,,,,,,,_04,,,_04,,Yes,_03,company_02,_07,_01,_03,_07,_01,,,,,,_02,,,,,,,,,,,,,,,,,,,,,,,,,,,,,,,,,
574,gen_pop,IIAB76,IIAB76,574,_02,1966,59,age_06,_07,_03,_04,_04,_06,,,,,,,,,_04,_02,,,,,,,,,,,,,,,,,,,,,,,,,,_04,_04,_04,_02,_01,_03,_04,_02,_04,_03,_04,_04,_04,_04,_05,_01,_05,_01,,,,,,,_04,,,,_04,,,,No,_08,company_05,_10,_04,_01,_06,_03,,,,,,_02,,,,,,,,,,,,,,,,,,,,,,,,,,,,,,,,,
580,gen_pop,78145F,78145F,580,_01,1999,26,age_03,_03,_01,_02,_04,_04,,,,,,,,,_04,_02,,,,,,,,,,,,,,,,,,,,,,,,,,_02,_03,_03,_02,_02,_03,_02,_03,_03,_03,_04,_03,_03,_03,_04,_01,_03,,,,,,,,,,_03,,,,,,Yes,_04,company_03,_03,_01,_02,_05,_02,,,,,,_01,,,,,,,,,,,,,,,,,,,,,,,,,,,,,,,,,
581,gen_pop,1M762L,1M762L,581,_02,1984,41,age_04,_05,_01,_01,_07,_04,_06,,,,,,,,_03,_02,,,,,,,,,,,,,,,,,,,,,,,,,,_03,_03,_04,_03,_03,_03,_04,_03,_04,_03,_03,_04,_04,_03,_04,_01,_05,_06,,,,,,,,,,,_03,_04,,,No,_03,company_02,_01,_01,_02,_04,_01,,,,,,_02,,,,,,,,,,,,,,,,,,,,,,,,,,,,,,,,,
587,gen_pop,2FHK7N,2FHK7N,587,_02,1986,39,age_04,_03,_02,_03,_06,_02,,,,,,,,,_04,_03,_01,_18,_02,,,,,,,,,,,,,,,,,,,,,,,_04,_03,_04,_03,_03,_03,_03,_04,_03,_03,_03,_03,_04,_04,_03,_01,_06,_07,,,,,,,,,,,,_03,_03,,No,_02,company_01,_01,_03,_03,_03,_01,,,,,,_01,,,,,,,,,,,,,,,,,,,,,,,,,,,,,,,,,
593,gen_pop,F549GE,F549GE,593,_03,1994,31,age_03,_03,_02,_03,_04,_04,_06,,,,,,,,_03,_03,_01,_02,_03,,,,,,,,,,,,,,,,,,,,,,,_02,_03,_03,_04,_02,_02,_03,_03,_03,_03,_03,_03,_04,_03,_03,_02,_05,_03,,,,,,,,,_03,,_03,,,,Yes,_04,company_03,_03,_04,_01,_03,_02,,,,,,_01,,,,,,,,,,,,,,,,,,,,,,,,,,,,,,,,,
594,gen_pop,4AJ416,4AJ416,594,_02,1996,29,age_03,_04,_01,_03,_07,_06,_08,,,,,,,,_03,_03,_01,_04,_18,_02,,,,,,,,,,,,,,,,,,,,,,_04,_04,_03,_03,_03,_04,_04,_04,_03,_03,_03,_04,_03,_03,_02,_02,_01,_04,,,,,,,_04,,,_03,,,,,Yes,_04,company_03,_02,_01,_03,_04,_03,,,,,,_02,,,,,,,,,,,,,,,,,,,,,,,,,,,,,,,,,
599,gen_pop,54D331,54D331,599,_02,1982,43,age_04,_04,_02,_03,_06,_03,_06,,,,,,,,_04,_03,_01,_02,_19,_09,,,,,,,,,,,,,,,,,,,,,,_03,_03,_03,_03,_03,_03,_03,_04,_04,_03,_04,_04,_03,_03,_03,_01,_07,_03,,,,,,,,,_04,,,,_03,,Yes,_03,company_02,_02,_02,_04,_05,_03,,,,,,_01,,,,,,,,,,,,,,,,,,,,,,,,,,,,,,,,,
601,gen_pop,63246F,63246F,601,_01,1993,32,age_03,_03,_01,_04,_07,_05,_06,,,,,,,,_03,_04,_01,_09,_18,_03,,,,,,,,,,,,,,,,,,,,,,_04,_03,_03,_03,_04,_03,_03,_03,_03,_03,_03,_03,_03,_03,_03,_01,_07,_06,,,,,,,,,,,,_03,_03,,No,_03,company_02,_02,_02,_02,_05,_01,,,,,,_02,,,,,,,,,,,,,,,,,,,,,,,,,,,,,,,,,
604,gen_pop,G8LH9A,G8LH9A,604,_02,1981,44,age_04,_04,_01,_02,_07,_01,_03,,,,,,,,_02,_03,_01,_03,_02,,,,,,,,,,,,,,,,,,,,,,,_03,_04,_03,_03,_04,_04,_03,_03,_04,_04,_04,_03,_03,_03,_04,_01,_07,,,,,,,,,,,,,,_03,,No,_02,company_01,_01,_02,_02,_03,_02,,,,,,_02,,,,,,,,,,,,,,,,,,,,,,,,,,,,,,,,,
606,gen_pop,M4K89E,M4K89E,606,_02,1996,29,age_03,_03,_01,_07,_07,_03,_04,,,,,,,,_03,_03,_01,_18,_09,_02,,,,,,,,,,,,,,,,,,,,,,_03,_03,_03,_04,_03,_03,_03,_04,_04,_04,_03,_04,_04,_03,_03,_02,_05,,,,,,,,,,,,_04,,,,No,_03,company_02,_01,_01,_03,_03,_01,,,,,,_02,,,,,,,,,,,,,,,,,,,,,,,,,,,,,,,,,
612,gen_pop,72ECA5,72ECA5,612,_02,1988,37,age_04,_03,_01,_02,_06,_03,_06,,,,,,,,_03,_03,_02,_04,_10,_09,,,,,,,,,,,,,,,,,,,,,,_03,_03,_04,_03,_03,_04,_03,_04,_04,_03,_04,_04,_04,_03,_03,_02,_07,_05,,,,,,,,,,,_04,,_03,,No,_03,company_02,_01,_01,_02,_03,_03,,,,,,_02,,,,,,,,,,,,,,,,,,,,,,,,,,,,,,,,,
614,gen_pop,K5N1F5,K5N1F5,614,_01,1992,33,age_03,_03,_01,_04,_07,_04,,,,,,,,,_02,_03,_01,_09,_02,,,,,,,,,,,,,,,,,,,,,,,_03,_03,_03,_03,_03,_04,_04,_03,_03,_04,_04,_04,_04,_03,_03,_01,_04,_05,,,,,,,,,,_03,_04,,,,No,_03,company_02,_01,_02,_01,_03,_01,,,,,,_02,,,,,,,,,,,,,,,,,,,,,,,,,,,,,,,,,
620,gen_pop,3IE44J,3IE44J,620,_01,1994,31,age_03,_02,_01,_06,_06,_04,_06,,,,,,,,_03,_03,_01,_04,_02,,,,,,,,,,,,,,,,,,,,,,,_03,_03,_04,_03,_04,_04,_04,_03,_03,_03,_04,_04,_04,_03,_02,_01,_07,_05,,,,,,,,,,,_03,,_03,,No,_02,company_01,_01,_03,_01,_03,_02,,,,,,_02,,,,,,,,,,,,,,,,,,,,,,,,,,,,,,,,,
621,gen_pop,FKHB2K,FKHB2K,621,_02,1992,33,age_03,_03,_01,_03,_07,_06,,,,,,,,,_03,_02,,,,,,,,,,,,,,,,,,,,,,,,,,_03,_03,_03,_03,_02,_03,_03,_03,_04,_04,_04,_02,_03,_04,_03,_01,_01,,,,,,,,_04,,,,,,,,Yes,_04,company_03,_04,_01,_02,_10,_01,,,,,,_03,,,,,,,,,,,,,,,,,,,,,,,,,,,,,,,,,
622,gen_pop,1GEH8H,1GEH8H,622,_01,1994,31,age_03,_04,_01,_02,_07,_05,,,,,,,,,_03,_02,,,,,,,,,,,,,,,,,,,,,,,,,,_03,_03,_03,_03,_02,_02,_02,_02,_03,_04,_03,_03,_04,_02,_03,_01,_06,,,,,,,,,,,,,_04,,,No,_05,company_03,_06,_02,_01,_10,none,,,,,,_02,,,,,,,,,,,,,,,,,,,,,,,,,,,,,,,,,
623,gen_pop,NC7M8N,NC7M8N,623,_01,1993,32,age_03,_04,_02,_03,_06,_03,,,,,,,,,_02,_03,_01,_12,_03,_04,,,,,,,,,,,,,,,,,,,,,,_03,_04,_04,_03,_04,_03,_04,_04,_04,_03,_04,_03,_03,_04,_04,_01,_07,,,,,,,,,,,,,,_03,,No,_03,company_02,_02,_03,_01,_04,_03,,,,,,_02,,,,,,,,,,,,,,,,,,,,,,,,,,,,,,,,,
624,gen_pop,3662BH,3662BH,624,_02,1988,37,age_04,_02,_01,_04,_06,_08,,,,,,,,,_04,_03,_01,_03,_02,,,,,,,,,,,,,,,,,,,,,,,_03,_04,_03,_04,_03,_04,_04,_04,_03,_04,_03,_04,_04,_03,_03,_01,_03,_07,,,,,,,,,_03,,,,_02,,No,_03,company_02,_02,_01,_03,_04,_02,,,,,,_02,,,,,,,,,,,,,,,,,,,,,,,,,,,,,,,,,
625,gen_pop,857JDE,857JDE,625,_01,2000,25,age_03,_03,_01,_05,_06,_02,,,,,,,,,_04,_01,,,,,,,,,,,,,,,,,,,,,,,,,,_03,_03,_03,_02,_02,_03,_02,_02,_04,_03,_03,_04,_04,_04,_03,_01,_06,,,,,,,,,,,,,_04,,,Yes,_03,company_02,_03,_02,_01,_04,_01,,,,,,_02,,,,,,,,,,,,,,,,,,,,,,,,,,,,,,,,,
626,gen_pop,F5G9GI,F5G9GI,626,_01,1977,48,age_05,_05,_04,_05,_07,_01,,,,,,,,,_04,_01,,,,,,,,,,,,,,,,,,,,,,,,,,_01,_03,_04,_03,_04,_02,_02,_02,_02,_03,_03,_02,_03,_03,_04,_02,_07,,,,,,,,,,,,,,_04,,No,_08,company_05,_09,_01,_04,_10,_01,,,,,,_02,,,,,,,,,,,,,,,,,,,,,,,,,,,,,,,,,
630,gen_pop,9J4M74,9J4M74,630,_02,1983,42,age_04,_03,_02,_04,_05,_06,,,,,,,,,_04,_01,,,,,,,,,,,,,,,,,,,,,,,,,,_01,_02,_01,_02,_02,_03,_02,_01,_03,_03,_03,_03,_02,_03,_04,_02,_01,_07,,,,,,,_05,,,,,,_04,,No,_04,company_03,_05,_01,_01,_10,_01,,,,,,_02,,,,,,,,,,,,,,,,,,,,,,,,,,,,,,,,,
633,gen_pop,3DF8CF,3DF8CF,633,_02,1994,31,age_03,_03,_01,_02,_05,_04,_08,,,,,,,,_04,_03,_01,_09,_02,_04,,,,,,,,,,,,,,,,,,,,,,_03,_04,_03,_03,_04,_03,_04,_04,_03,_04,_03,_03,_04,_03,_03,_01,_05,,,,,,,,,,,,_03,,,,No,_03,company_02,_02,_01,_01,_04,_03,,,,,,_02,,,,,,,,,,,,,,,,,,,,,,,,,,,,,,,,,
634,gen_pop,CI34DI,CI34DI,634,_01,1969,56,age_06,_07,_04,_04,_01,_01,_08,,,,,,,,_03,_02,,,,,,,,,,,,,,,,,,,,,,,,,,_03,_04,_03,_03,_02,_02,_02,_02,_03,_03,_03,_03,_02,_03,_04,_01,_07,,,,,,,,,,,,,,_04,,No,_02,company_01,_01,_04,_03,_10,none,,,,,,_02,,,,,,,,,,,,,,,,,,,,,,,,,,,,,,,,,
635,gen_pop,A5N4DN,A5N4DN,635,_01,1999,26,age_03,_03,_01,_04,_06,_07,,,,,,,,,_03,_03,_01,_02,_04,,,,,,,,,,,,,,,,,,,,,,,_03,_03,_03,_04,_04,_04,_03,_03,_04,_04,_04,_04,_03,_04,_03,_01,_01,_05,,,,,,,_03,,,,_02,,,,No,_02,company_01,_01,_03,_01,_03,_01,,,,,,_02,,,,,,,,,,,,,,,,,,,,,,,,,,,,,,,,,
636,gen_pop,4BJDI4,4BJDI4,636,_01,1981,44,age_04,_04,_01,_02,_04,_04,_05,,,,,,,,_04,_01,,,,,,,,,,,,,,,,,,,,,,,,,,_03,_02,_02,_03,_04,_03,_02,_01,_03,_02,_03,_03,_03,_04,_05,_01,_03,_05,_02,,,,,,,_05,_04,,_05,,,,No,_05,company_03,_07,_02,_01,_10,none,,,,,,_03,,,,,,,,,,,,,,,,,,,,,,,,,,,,,,,,,
637,gen_pop,JGM4HJ,JGM4HJ,637,_01,1995,30,age_03,_02,_01,_02,_06,_02,,,,,,,,,_03,_02,,,,,,,,,,,,,,,,,,,,,,,,,,_02,_03,_03,_02,_03,_03,_02,_02,_03,_03,_03,_03,_03,_03,_03,_01,_05,_03,_07,,,,,,,,_03,,_03,,_03,,Yes,_02,company_01,_03,_01,_02,_04,_01,,,,,,_01,,,,,,,,,,,,,,,,,,,,,,,,,,,,,,,,,
638,gen_pop,AI37M8,AI37M8,638,_01,1998,27,age_03,_03,_02,_07,_04,_08,,,,,,,,,_04,_01,,,,,,,,,,,,,,,,,,,,,,,,,,_03,_03,_03,_04,_02,_03,_03,_02,_03,_03,_03,_03,_02,_02,_05,_02,_05,_07,,,,,,,,,,,_05,,_04,,Yes,_04,company_03,_04,_02,_01,_10,_01,,,,,,_03,,,,,,,,,,,,,,,,,,,,,,,,,,,,,,,,,
639,gen_pop,8IJJK4,8IJJK4,639,_01,1992,33,age_03,_04,_02,_03,_07,_08,,,,,,,,,_02,_03,_01,_04,_16,,,,,,,,,,,,,,,,,,,,,,,_04,_04,_04,_03,_03,_03,_03,_03,_04,_04,_04,_03,_03,_04,_03,_01,_07,,,,,,,,,,,,,,_03,,No,_02,company_01,_01,_01,_02,_04,_01,,,,,,_02,,,,,,,,,,,,,,,,,,,,,,,,,,,,,,,,,
640,gen_pop,MA9JA2,MA9JA2,640,_01,1996,29,age_03,_02,_01,_03,_06,_05,_06,,,,,,,,_03,_03,_03,_02,_06,_07,_09,_08,_24,,,,,,,,,,,,,,,,,,,_03,_03,_04,_02,_03,_03,_03,_03,_03,_03,_04,_03,_03,_03,_03,_01,_07,_01,_04,,,,,,_03,,,_03,,,_02,,Yes,_03,company_02,_02,_02,_02,_03,_01,,,,,,_01,,,,,,,,,,,,,,,,,,,,,,,,,,,,,,,,,
642,gen_pop,LAJB15,LAJB15,642,_02,1963,62,age_06,_07,_04,_03,_07,_06,,,,,,,,,_02,_01,,,,,,,,,,,,,,,,,,,,,,,,,,_04,_03,_02,_02,_04,_03,_03,_03,_02,_02,_02,_01,_03,_02,_03,_02,_07,,,,,,,,,,,,,,_03,,No,_04,company_03,_05,_04,_04,_10,none,,,,,,_02,,,,,,,,,,,,,,,,,,,,,,,,,,,,,,,,,
643,gen_pop,MJDIKA,MJDIKA,643,_02,1997,28,age_03,_03,_01,_02,_06,_03,_06,,,,,,,,_03,_02,,,,,,,,,,,,,,,,,,,,,,,,,,_03,_03,_03,_04,_02,_03,_03,_04,_04,_03,_04,_03,_03,_04,_02,_02,_04,,,,,,,,,,,_04,,,,,No,_04,company_03,_03,_03,_01,_03,_04,,,,,,_02,,,,,,,,,,,,,,,,,,,,,,,,,,,,,,,,,
644,gen_pop,KG669G,KG669G,644,_01,1994,31,age_03,_02,_01,_02,_06,_02,_03,,,,,,,,_04,_01,,,,,,,,,,,,,,,,,,,,,,,,,,_03,_03,_03,_03,_03,_03,_04,_03,_03,_04,_03,_03,_03,_04,_03,_01,_04,_03,,,,,,,,,_05,_04,,,,,Yes,_02,company_01,_02,_01,_02,_01,_02,,,,,,_01,,,,,,,,,,,,,,,,,,,,,,,,,,,,,,,,,
645,gen_pop,F6B6HM,F6B6HM,645,_01,1960,65,age_07,_07,_04,_02,_04,_04,_05,_07,,,,,,,_05,_01,,,,,,,,,,,,,,,,,,,,,,,,,,_01,_03,_02,_02,_04,_01,_02,_01,_02,_02,_04,_02,_02,_03,_05,_01,_07,,,,,,,,,,,,,,_02,,No,_06,company_04,_08,_04,_04,_10,none,,,,,,_02,,,,,,,,,,,,,,,,,,,,,,,,,,,,,,,,,
647,gen_pop,4MCFDI,4MCFDI,647,_01,1994,31,age_03,_03,_01,_07,_05,_07,,,,,,,,,_03,_02,,,,,,,,,,,,,,,,,,,,,,,,,,_03,_03,_03,_03,_02,_03,_03,_02,_03,_04,_04,_03,_02,_04,_04,_01,_07,_05,_03,,,,,,,,_04,,_04,,_04,,No,_02,company_01,_02,_01,_03,_04,_01,,,,,,_02,,,,,,,,,,,,,,,,,,,,,,,,,,,,,,,,,
648,gen_pop,H6L547,H6L547,648,_02,1982,43,age_04,_04,_02,_04,_01,_02,_03,_04,_06,,,,,,_03,_02,,,,,,,,,,,,,,,,,,,,,,,,,,_03,_04,_03,_03,_02,_03,_03,_03,_03,_03,_03,_03,_03,_03,_04,_01,_07,_05,_06,,,,,,,,,,_03,_05,_04,,No,_02,company_01,_03,_02,_01,_10,none,,,,,,_03,,,,,,,,,,,,,,,,,,,,,,,,,,,,,,,,,
650,gen_pop,HGG8G5,HGG8G5,650,_01,1998,27,age_03,_02,_02,_02,_02,_02,,,,,,,,,_04,_01,,,,,,,,,,,,,,,,,,,,,,,,,,_04,_04,_04,_03,_03,_03,_04,_03,_03,_04,_03,_03,_03,_03,_01,_01,_01,,,,,,,,_02,,,,,,,,Yes,_03,company_02,_02,_02,_01,_01,_01,,,,,,_01,,,,,,,,,,,,,,,,,,,,,,,,,,,,,,,,,
651,gen_pop,B43IMB,B43IMB,651,_02,1979,46,age_05,_04,_02,_04,_07,_03,_04,,,,,,,,_04,_03,_01,_02,,,,,,,,,,,,,,,,,,,,,,,,_03,_04,_03,_04,_03,_03,_03,_04,_04,_03,_03,_04,_04,_04,_02,_01,_04,_05,,,,,,,,,,_03,_03,,,,No,_03,company_02,_01,_01,_01,_04,_01,,,,,,_02,,,,,,,,,,,,,,,,,,,,,,,,,,,,,,,,,
654,gen_pop,H13A7H,H13A7H,654,_01,1998,27,age_03,_02,_03,_01,_05,_01,,,,,,,,,_01,_02,,,,,,,,,,,,,,,,,,,,,,,,,,_02,_02,_02,_02,_03,_03,_02,_02,_02,_02,_03,_03,_02,_03,_01,_01,_06,,,,,,,,,,,,,_02,,,Yes,_02,company_01,_02,_02,_01,_02,_02,,,,,,_01,,,,,,,,,,,,,,,,,,,,,,,,,,,,,,,,,
655,gen_pop,7MEHD7,7MEHD7,655,_01,1979,46,age_05,_05,_01,_02,_05,_05,_06,,,,,,,,_03,_03,_01,_03,_04,_18,,,,,,,,,,,,,,,,,,,,,,_03,_03,_03,_03,_03,_02,_02,_03,_02,_03,_03,_03,_02,_03,_04,_01,_07,_05,_06,,,,,,,,,,_03,_05,_04,,No,_04,company_03,_03,_03,_01,_10,none,,,,,,_02,,,,,,,,,,,,,,,,,,,,,,,,,,,,,,,,,
658,gen_pop,AGE8HB,AGE8HB,658,_01,1999,26,age_03,_02,_01,_04,_07,_06,,,,,,,,,_03,_02,,,,,,,,,,,,,,,,,,,,,,,,,,_03,_04,_04,_04,_02,_04,_02,_03,_04,_04,_04,_04,_04,_04,_03,_01,_04,,,,,,,,,,,_03,,,,,No,_04,company_03,_04,_03,_01,_03,_02,,,,,,_02,,,,,,,,,,,,,,,,,,,,,,,,,,,,,,,,,
659,gen_pop,FKECK3,FKECK3,659,_01,1986,39,age_04,_04,_01,_05,_04,_04,,,,,,,,,_02,_02,,,,,,,,,,,,,,,,,,,,,,,,,,_02,_02,_01,_02,_02,_02,_03,_01,_02,_02,_02,_02,_03,_01,_02,_01,_05,,,,,,,,,,,,_03,,,,Yes,_03,company_02,_02,_01,_02,_04,_01,,,,,,_03,,,,,,,,,,,,,,,,,,,,,,,,,,,,,,,,,
660,gen_pop,GKM48I,GKM48I,660,_01,1987,38,age_04,_04,_01,_05,_04,_01,_08,,,,,,,,_04,_03,_01,_03,_04,,,,,,,,,,,,,,,,,,,,,,,_04,_04,_04,_03,_03,_04,_03,_04,_04,_04,_04,_04,_04,_03,_03,_01,_07,_02,,,,,,,,_03,,,,,_03,,No,_03,company_02,_02,_02,_02,_05,_01,,,,,,_02,,,,,,,,,,,,,,,,,,,,,,,,,,,,,,,,,
680,gen_pop,18MGE4,18MGE4,680,_02,1997,28,age_03,_03,_01,_03,_07,_08,,,,,,,,,_04,_01,,,,,,,,,,,,,,,,,,,,,,,,,,_03,_02,_04,_04,_02,_03,_02,_02,_04,_04,_03,_03,_03,_03,_03,_02,_06,,,,,,,,,,,,,_04,,,Yes,_05,company_03,_07,_03,_01,_09,_05,,,,,,_02,,,,,,,,,,,,,,,,,,,,,,,,,,,,,,,,,
699,gen_pop,FBMC5C,FBMC5C,699,_02,1982,43,age_04,_04,_02,_04,_04,_08,,,,,,,,,_03,_02,,,,,,,,,,,,,,,,,,,,,,,,,,_02,_04,_03,_03,_03,_02,_02,_02,_03,_03,_03,_03,_04,_04,_03,_01,_07,_01,_06,,,,,,_04,,,,,_04,_02,,No,_03,company_02,_03,_02,_02,_10,_04,,,,,,_02,,,,,,,,,,,,,,,,,,,,,,,,,,,,,,,,,
700,gen_pop,CADDJ9,CADDJ9,700,_01,1991,34,age_03,_04,_01,_03,_05,_06,,,,,,,,,_04,_02,,,,,,,,,,,,,,,,,,,,,,,,,,_03,_03,_03,_02,_03,_02,_03,_03,_04,_03,_04,_03,_04,_03,_04,_01,_02,,,,,,,,,_04,,,,,,,No,_04,company_03,_04,_01,_02,_06,_01,,,,,,_02,,,,,,,,,,,,,,,,,,,,,,,,,,,,,,,,,
701,gen_pop,6BKHJD,6BKHJD,701,_02,1990,35,age_04,_04,_01,_01,_07,_02,,,,,,,,,_03,_01,,,,,,,,,,,,,,,,,,,,,,,,,,_04,_03,_04,_04,_02,_03,_04,_03,_04,_04,_04,_04,_04,_04,_02,_02,_04,_02,,,,,,,,_04,,_03,,,,,No,_03,company_02,_03,_02,_02,_05,_01,,,,,,_01,,,,,,,,,,,,,,,,,,,,,,,,,,,,,,,,,
703,gen_pop,151CDB,151CDB,703,_02,1988,37,age_04,_05,_02,_05,_04,_04,,,,,,,,,_03,_03,_01,_04,_06,_02,,,,,,,,,,,,,,,,,,,,,,_03,_04,_04,_04,_04,_02,_04,_01,_03,_04,_03,_03,_03,_03,_04,_02,_02,_04,_07,,,,,,,_03,,_05,,,_04,,Yes,_04,company_03,_02,_01,_03,_09,_04,,,,,,_02,,,,,,,,,,,,,,,,,,,,,,,,,,,,,,,,,
708,gen_pop,1EHK19,1EHK19,708,_02,1986,39,age_04,_03,_01,_07,_05,_08,,,,,,,,,_03,_01,,,,,,,,,,,,,,,,,,,,,,,,,,_04,_03,_04,_02,_02,_03,_03,_03,_04,_04,_04,_04,_04,_03,_03,_01,_07,_04,_05,,,,,,,,,_03,_05,,_03,,No,_04,company_03,_02,_02,_02,_06,_01,,,,,,_02,,,,,,,,,,,,,,,,,,,,,,,,,,,,,,,,,
710,gen_pop,9KL6E9,9KL6E9,710,_02,2003,22,age_02,_04,_01,_03,_05,_04,,,,,,,,,_03,_02,,,,,,,,,,,,,,,,,,,,,,,,,,_04,_04,_04,_04,_02,_03,_03,_04,_03,_03,_04,_03,_02,_04,_04,_01,_07,,,,,,,,,,,,,,_03,,No,_05,company_03,_04,_04,_01,_03,_01,_04,,,,,_02,,,,,,,,,,,,,,,,,,,,,,,,,,,,,,,,,
712,gen_pop,33J7DE,33J7DE,712,_02,1995,30,age_03,_05,_01,_03,_04,_04,_05,_06,_07,,,,,,_03,_02,,,,,,,,,,,,,,,,,,,,,,,,,,_03,_03,_03,_04,_02,_03,_04,_04,_03,_03,_03,_03,_03,_04,_04,_01,_04,_07,_05,_02,,,,,,_04,,_03,_04,,_04,,No,_04,company_03,_03,_01,_02,_02,_03,,,,,,_02,,,,,,,,,,,,,,,,,,,,,,,,,,,,,,,,,
718,gen_pop,3J2LK5,3J2LK5,718,_02,1974,51,age_05,_05,_01,_05,_04,_04,,,,,,,,,_04,_02,,,,,,,,,,,,,,,,,,,,,,,,,,_03,_03,_03,_03,_03,_03,_03,_03,_03,_03,_03,_03,_04,_03,_04,_01,_04,,,,,,,,,,,_04,,,,,No,_06,company_04,_06,_01,_03,_06,_02,,,,,,_01,,,,,,,,,,,,,,,,,,,,,,,,,,,,,,,,,
720,gen_pop,3G326D,3G326D,720,_02,1997,28,age_03,_02,_01,_03,_06,_08,,,,,,,,,_02,_04,_03,_09,_03,_12,,,,,,,,,,,,,,,,,,,,,,_03,_04,_03,_03,_03,_03,_03,_03,_03,_03,_03,_03,_03,_03,_04,_02,_07,,,,,,,,,,,,,,_04,,No,_04,company_03,_04,_03,_01,_05,_01,,,,,,_01,,,,,,,,,,,,,,,,,,,,,,,,,,,,,,,,,
736,gen_pop,3HFJKM,3HFJKM,736,_01,1993,32,age_03,_04,_01,_02,_05,_01,,,,,,,,,_03,_02,,,,,,,,,,,,,,,,,,,,,,,,,,_03,_03,_03,_04,_02,_03,_03,_03,_04,_03,_03,_02,_02,_04,_02,_02,_03,,,,,,,,,,_04,,,,,,Yes,_04,company_03,_02,_01,_02,_03,_01,,,,,,_03,,,,,,,,,,,,,,,,,,,,,,,,,,,,,,,,,
741,gen_pop,5B4DGA,5B4DGA,741,_01,1982,43,age_04,_06,_01,_03,_04,_06,,,,,,,,,_03,_02,,,,,,,,,,,,,,,,,,,,,,,,,,_03,_03,_04,_02,_02,_02,_03,_03,_03,_03,_04,_03,_03,_04,_04,_01,_07,,,,,,,,,,,,,,_03,,No,_04,company_03,_04,_01,_03,_05,_01,,,,,,_01,,,,,,,,,,,,,,,,,,,,,,,,,,,,,,,,,
742,gen_pop,IGCFB3,IGCFB3,742,_02,1962,63,age_06,_07,_01,_03,_04,_04,_05,_06,,,,,,,_04,_02,,,,,,,,,,,,,,,,,,,,,,,,,,_04,_03,_03,_02,_02,_02,_02,_03,_04,_03,_03,_03,_04,_04,_04,_02,_07,_03,,,,,,,,,_05,,,,_03,,Yes,_05,company_03,_06,_01,_02,_06,_01,,,,,,_01,,,,,,,,,,,,,,,,,,,,,,,,,,,,,,,,,
743,gen_pop,9N87IF,9N87IF,743,_02,1966,59,age_06,_07,_01,_04,_03,_04,_05,_06,,,,,,,_04,_02,,,,,,,,,,,,,,,,,,,,,,,,,,_02,_02,_04,_03,_01,_02,_01,_02,_03,_03,_03,_04,_03,_03,_05,_01,_05,_03,,,,,,,,,_04,,_04,,,,No,_04,company_03,_06,_01,_01,_04,_01,,,,,,_02,,,,,,,,,,,,,,,,,,,,,,,,,,,,,,,,,
744,gen_pop,G98EM6,G98EM6,744,_02,1987,38,age_04,_06,_01,_02,_05,_01,_04,_05,,,,,,,_04,_02,,,,,,,,,,,,,,,,,,,,,,,,,,_03,_03,_02,_04,_01,_02,_02,_03,_04,_03,_03,_03,_04,_03,_03,_01,_03,_05,_07,,,,,,,,_04,,_02,,_03,,No,_05,company_03,_06,_02,_03,_06,_01,,,,,,_02,,,,,,,,,,,,,,,,,,,,,,,,,,,,,,,,,
745,gen_pop,DCG7EL,DCG7EL,745,_02,1963,62,age_06,_06,_01,_03,_04,_05,_06,_07,,,,,,,_04,_02,,,,,,,,,,,,,,,,,,,,,,,,,,_04,_03,_03,_04,_02,_03,_04,_04,_03,_03,_04,_02,_03,_04,_04,_02,_06,_01,_03,,,,,,_04,,_04,,,_03,,,Yes,_04,company_03,_05,_03,_01,_07,_01,,,,,,_02,,,,,,,,,,,,,,,,,,,,,,,,,,,,,,,,,
747,gen_pop,452G5D,452G5D,747,_02,1983,42,age_04,_06,_01,_03,_05,_06,_07,,,,,,,,_05,_02,,,,,,,,,,,,,,,,,,,,,,,,,,_04,_04,_03,_03,_01,_02,_02,_02,_03,_04,_03,_03,_03,_04,_04,_02,_03,_05,_01,_02,,,,,_05,_04,_03,,_02,,,,Yes,_05,company_03,_06,_01,_03,_06,_01,,,,,,_02,,,,,,,,,,,,,,,,,,,,,,,,,,,,,,,,,
748,gen_pop,CI184J,CI184J,748,_02,1988,37,age_04,_05,_01,_02,_04,_04,_05,_06,,,,,,,_04,_01,,,,,,,,,,,,,,,,,,,,,,,,,,_04,_04,_04,_04,_02,_03,_02,_04,_04,_03,_03,_03,_03,_03,_05,_01,_03,_05,_07,_04,,,,,,,_03,_04,_02,,_04,,Yes,_04,company_03,_07,_01,_02,_04,_01,,,,,,_01,,,,,,,,,,,,,,,,,,,,,,,,,,,,,,,,,
749,gen_pop,6IDH23,6IDH23,749,_02,1964,61,age_06,_05,_01,_01,_04,_01,,,,,,,,,_04,_01,,,,,,,,,,,,,,,,,,,,,,,,,,_02,_03,_02,_03,_01,_02,_01,_02,_04,_04,_04,_04,_04,_04,_04,_01,_04,,,,,,,,,,,_05,,,,,No,_05,company_03,_04,_01,_03,_03,_01,,,,,,_02,,,,,,,,,,,,,,,,,,,,,,,,,,,,,,,,,
750,gen_pop,KK5CEK,KK5CEK,750,_02,1978,47,age_05,_05,_01,_03,_03,_01,_04,,,,,,,,_04,_01,,,,,,,,,,,,,,,,,,,,,,,,,,_04,_03,_04,_03,_01,_02,_02,_03,_03,_03,_03,_03,_04,_04,_04,_01,_05,_03,,,,,,,,,_05,,_04,,,,Yes,_06,company_04,_08,_01,_01,_07,_01,,,,,,_01,,,,,,,,,,,,,,,,,,,,,,,,,,,,,,,,,
751,gen_pop,6DHAIL,6DHAIL,751,_02,1974,51,age_05,_07,_01,_03,_02,_01,,,,,,,,,_05,_01,,,,,,,,,,,,,,,,,,,,,,,,,,_03,_03,_04,_03,_02,_02,_02,_02,_03,_03,_04,_03,_04,_04,_05,_01,_01,_03,,,,,,,_04,,_05,,,,,,Yes,_05,company_03,_07,_01,_01,_07,_01,,,,,,_01,,,,,,,,,,,,,,,,,,,,,,,,,,,,,,,,,
752,gen_pop,I5E869,I5E869,752,_02,1975,50,age_05,_06,_01,_04,_04,_01,_04,_05,_06,,,,,,_05,_02,,,,,,,,,,,,,,,,,,,,,,,,,,_03,_03,_04,_03,_02,_02,_02,_03,_03,_04,_04,_03,_04,_03,_04,_02,_07,_02,_04,,,,,,,_04,,_03,,,_03,,Yes,_04,company_03,_06,_01,_01,_05,_01,,,,,,_02,,,,,,,,,,,,,,,,,,,,,,,,,,,,,,,,,
754,gen_pop,DD4CDF,DD4CDF,754,_02,1969,56,age_06,_04,_01,_03,_04,_02,,,,,,,,,_05,_01,,,,,,,,,,,,,,,,,,,,,,,,,,_03,_03,_03,_03,_01,_02,_01,_03,_04,_04,_04,_04,_03,_04,_04,_01,_07,,,,,,,,,,,,,,_05,,No,_04,company_03,_03,_01,_02,_02,_01,,,,,,_02,,,,,,,,,,,,,,,,,,,,,,,,,,,,,,,,,
755,gen_pop,DMBC1C,DMBC1C,755,_02,1978,47,age_05,_05,_01,_07,_02,_01,,,,,,,,,_05,_01,,,,,,,,,,,,,,,,,,,,,,,,,,_02,_02,_02,_02,_01,_02,_02,_03,_03,_04,_04,_04,_03,_04,_04,_02,_04,,,,,,,,,,,_05,,,,,No,_06,company_04,_06,_05,_01,_06,_01,,,,,,_03,,,,,,,,,,,,,,,,,,,,,,,,,,,,,,,,,
756,gen_pop,L8FNCH,L8FNCH,756,_02,1972,53,age_05,_03,_02,_04,_06,_08,,,,,,,,,_03,_02,,,,,,,,,,,,,,,,,,,,,,,,,,_04,_03,_03,_02,_02,_02,_02,_03,_03,_03,_03,_03,_02,_03,_03,_01,_07,,,,,,,,,,,,,,_04,,No,_03,company_02,_03,_01,_03,_02,_01,,,,,,_03,,,,,,,,,,,,,,,,,,,,,,,,,,,,,,,,,
757,gen_pop,JGJ37L,JGJ37L,757,_02,1957,68,age_07,_07,_04,_03,_01,_01,,,,,,,,,_05,_01,,,,,,,,,,,,,,,,,,,,,,,,,,_01,_02,_02,_03,_02,_02,_01,_02,_04,_04,_04,_04,_04,_04,_04,_04,_03,,,,,,,,,,_05,,,,,,No,_06,company_04,_08,_04,_02,_09,_01,,,,,,_02,,,,,,,,,,,,,,,,,,,,,,,,,,,,,,,,,
759,gen_pop,4KC9L4,4KC9L4,759,_02,1969,56,age_06,_05,_01,_01,_04,_04,,,,,,,,,_05,_01,,,,,,,,,,,,,,,,,,,,,,,,,,_03,_03,_03,_03,_01,_02,_02,_03,_03,_04,_04,_04,_03,_04,_04,_01,_07,_06,_05,,,,,,,,,,_05,_05,_05,,No,_04,company_03,_04,_01,_03,_04,_01,,,,,,_02,,,,,,,,,,,,,,,,,,,,,,,,,,,,,,,,,
760,gen_pop,B6K498,B6K498,760,_02,1961,64,age_06,_07,_04,_06,_03,_02,_03,_04,,,,,,,_05,_01,,,,,,,,,,,,,,,,,,,,,,,,,,_02,_03,_03,_03,_02,_02,_02,_02,_04,_04,_04,_04,_04,_04,_04,_04,_06,_03,_05,,,,,,,,_05,,_05,_05,,,No,_05,company_03,_06,_01,_04,_06,_01,,,,,,_02,,,,,,,,,,,,,,,,,,,,,,,,,,,,,,,,,
761,gen_pop,6CMKEA,6CMKEA,761,_02,1996,29,age_03,_03,_01,_04,_05,_02,_03,,,,,,,,_04,_02,,,,,,,,,,,,,,,,,,,,,,,,,,_03,_03,_03,_02,_01,_02,_02,_03,_03,_03,_04,_03,_03,_04,_03,_01,_07,_06,,,,,,,,,,,,_05,_05,,No,_03,company_02,_02,_03,_01,_02,_01,,,,,,_02,,,,,,,,,,,,,,,,,,,,,,,,,,,,,,,,,
762,gen_pop,CJ26GN,CJ26GN,762,_02,1998,27,age_03,_02,_01,_07,_06,_02,_03,,,,,,,,_04,_02,,,,,,,,,,,,,,,,,,,,,,,,,,_03,_03,_03,_02,_01,_03,_03,_03,_03,_03,_04,_03,_03,_04,_03,_02,_06,_07,,,,,,,,,,,,_05,_05,,No,_03,company_02,_02,_04,_01,_02,_01,,,,,,_02,,,,,,,,,,,,,,,,,,,,,,,,,,,,,,,,,
770,gen_pop,8G76CJ,8G76CJ,770,_01,1980,45,age_05,_06,_01,_03,_07,_06,,,,,,,,,_03,_01,,,,,,,,,,,,,,,,,,,,,,,,,,_02,_04,_04,_03,_03,_03,_03,_03,_03,_03,_02,_04,_03,_03,_03,_01,_05,,,,,,,,,,,,_04,,,,No,_04,company_03,_02,_02,_01,_03,_01,,,,,,_01,,,,,,,,,,,,,,,,,,,,,,,,,,,,,,,,,
772,gen_pop,GKG1J4,GKG1J4,772,_01,1989,36,age_04,_06,_01,_07,_04,_04,,,,,,,,,_03,_02,,,,,,,,,,,,,,,,,,,,,,,,,,_02,_02,_02,_02,_01,_03,_02,_04,_03,_03,_03,_03,_03,_04,_02,_01,_07,,,,,,,,,,,,,,_04,,No,_05,company_03,_03,_03,_01,_03,_01,,,,,,_02,,,,,,,,,,,,,,,,,,,,,,,,,,,,,,,,,
773,gen_pop,49LAG7,49LAG7,773,_02,1983,42,age_04,_05,_01,_03,_06,_03,,,,,,,,,_04,_02,,,,,,,,,,,,,,,,,,,,,,,,,,_03,_03,_03,_02,_02,_03,_03,_03,_03,_03,_03,_03,_04,_03,_04,_01,_02,_05,,,,,,,,_04,,,_03,,,,No,_03,company_02,_04,_01,_03,_06,_01,,,,,,_02,,,,,,,,,,,,,,,,,,,,,,,,,,,,,,,,,
776,gen_pop,C7H646,C7H646,776,_01,1985,40,age_04,_06,_01,_03,_04,_08,,,,,,,,,_04,_01,,,,,,,,,,,,,,,,,,,,,,,,,,_03,_03,_03,_02,_02,_03,_03,_02,_03,_03,_04,_04,_03,_04,_03,_01,_04,,,,,,,,,,,_03,,,,,No,_04,company_03,_05,_01,_02,_07,_01,,,,,,_02,,,,,,,,,,,,,,,,,,,,,,,,,,,,,,,,,
777,gen_pop,LFCEEL,LFCEEL,777,_01,1990,35,age_04,_03,_02,_06,_05,_03,_04,,,,,,,,_03,_03,_01,_02,_03,_18,,,,,,,,,,,,,,,,,,,,,,_02,_03,_02,_03,_02,_02,_03,_03,_03,_03,_03,_03,_02,_03,_02,_01,_05,,,,,,,,,,,,_03,,,,No,_03,company_02,_01,_04,_01,_04,_01,,,,,,_01,,,,,,,,,,,,,,,,,,,,,,,,,,,,,,,,,
778,gen_pop,N2N55A,N2N55A,778,_01,1996,29,age_03,_03,_01,_07,_06,_02,_03,,,,,,,,_02,_02,,,,,,,,,,,,,,,,,,,,,,,,,,_03,_03,_02,_03,_02,_03,_03,_03,_03,_02,_03,_03,_02,_03,_03,_01,_05,_04,,,,,,,,,,_04,_03,,,,No,_03,company_02,_01,_01,_02,_04,_01,,,,,,_01,,,,,,,,,,,,,,,,,,,,,,,,,,,,,,,,,
779,gen_pop,AK4AAH,AK4AAH,779,_01,1995,30,age_03,_03,_01,_06,_05,_04,,,,,,,,,_02,_02,,,,,,,,,,,,,,,,,,,,,,,,,,_03,_03,_03,_03,_02,_02,_03,_04,_03,_02,_04,_04,_02,_04,_03,_01,_04,,,,,,,,,,,_04,,,,,No,_03,company_02,_02,_02,_02,_05,_01,,,,,,_02,,,,,,,,,,,,,,,,,,,,,,,,,,,,,,,,,
781,gen_pop,CFN923,CFN923,781,_01,1961,64,age_06,_03,_01,_05,_06,_06,,,,,,,,,_03,_02,,,,,,,,,,,,,,,,,,,,,,,,,,_02,_02,_01,_03,_03,_02,_02,_02,_03,_02,_03,_03,_03,_03,_03,_01,_07,,,,,,,,,,,,,,_03,,No,_03,company_02,_03,_03,_01,_03,_01,,,,,,_01,,,,,,,,,,,,,,,,,,,,,,,,,,,,,,,,,
782,gen_pop,65HMJ4,65HMJ4,782,_01,1979,46,age_05,_06,_01,_01,_01,_02,_05,_08,,,,,,,_04,_01,,,,,,,,,,,,,,,,,,,,,,,,,,_04,_03,_03,_03,_03,_02,_03,_03,_04,_04,_04,_04,_04,_03,_06,_01,_01,_03,_02,,,,,,_05,_05,_05,,,,,,Yes,_07,company_05,_09,_01,_03,_09,_01,,,,,,_01,,,,,,,,,,,,,,,,,,,,,,,,,,,,,,,,,
783,gen_pop,M73B41,M73B41,783,_02,1997,28,age_03,_02,_01,_07,_07,_08,,,,,,,,,_03,_02,,,,,,,,,,,,,,,,,,,,,,,,,,_03,_04,_03,_03,_02,_02,_03,_03,_03,_02,_04,_03,_03,_03,_03,_01,_07,,,,,,,,,,,,,,_03,,No,_04,company_03,_04,_04,_01,_04,_01,,,,,,_03,,,,,,,,,,,,,,,,,,,,,,,,,,,,,,,,,
784,gen_pop,F3EB3L,F3EB3L,784,_01,1983,42,age_04,_02,_02,_07,_07,_07,_08,,,,,,,,_03,_03,_01,_12,_19,,,,,,,,,,,,,,,,,,,,,,,_02,_02,_04,_02,_03,_03,_03,_02,_01,_02,_02,_03,_02,_04,_02,_01,_07,,,,,,,,,,,,,,_03,,No,_02,company_01,_01,_01,_01,_02,_01,,,,,,_02,,,,,,,,,,,,,,,,,,,,,,,,,,,,,,,,,
787,gen_pop,HDFDN3,HDFDN3,787,_01,1982,43,age_04,_03,_01,_05,_06,_05,_06,,,,,,,,_02,_04,_03,_15,_02,_24,,,,,,,,,,,,,,,,,,,,,,_03,_03,_03,_03,_02,_03,_02,_03,_03,_03,_03,_02,_02,_03,_02,_01,_05,,,,,,,,,,,,_03,,,,No,_04,company_03,_02,_02,_02,_10,_01,,,,,,_03,,,,,,,,,,,,,,,,,,,,,,,,,,,,,,,,,
788,gen_pop,97L29C,97L29C,788,_02,1985,40,age_04,_05,_02,_03,_06,_06,,,,,,,,,_02,_03,_02,_02,_03,_05,,,,,,,,,,,,,,,,,,,,,,_03,_04,_04,_03,_01,_04,_01,_03,_03,_02,_02,_03,_03,_04,_04,_02,none,,,,,,,,,,,,,,,,No,_04,company_03,_03,_03,_03,_03,_02,,,,,,_02,,,,,,,,,,,,,,,,,,,,,,,,,,,,,,,,,
789,gen_pop,I2HLJF,I2HLJF,789,_02,1992,33,age_03,_03,_02,_02,_06,_06,,,,,,,,,_02,_03,_02,_21,_18,_04,,,,,,,,,,,,,,,,,,,,,,_04,_02,_02,_03,_03,_02,_02,_04,_03,_03,_02,_03,_03,_03,_03,_02,none,,,,,,,,,,,,,,,,No,_05,company_03,_04,_01,_04,_04,_01,,,,,,_01,,,,,,,,,,,,,,,,,,,,,,,,,,,,,,,,,
790,gen_pop,IFFCJ2,IFFCJ2,790,_02,1996,29,age_03,_04,_02,_03,_06,_06,,,,,,,,,_02,_02,,,,,,,,,,,,,,,,,,,,,,,,,,_04,_03,_04,_02,_01,_01,_01,_01,_04,_02,_03,_02,_03,_04,_04,_04,_04,,,,,,,,,,,_03,,,,,No,_04,company_03,_04,_01,_03,_03,_01,,,,,,_01,,,,,,,,,,,,,,,,,,,,,,,,,,,,,,,,,
791,gen_pop,GGKJ18,GGKJ18,791,_02,1990,35,age_04,_04,_01,_01,_05,_04,,,,,,,,,_02,_02,,,,,,,,,,,,,,,,,,,,,,,,,,_03,_03,_03,_04,_04,_03,_01,_04,_03,_02,_02,_02,_02,_03,_03,_01,_02,,,,,,,,,_03,,,,,,,No,_04,company_03,_04,_02,_06,_04,_01,,,,,,_02,,,,,,,,,,,,,,,,,,,,,,,,,,,,,,,,,
793,gen_pop,I3I6F9,I3I6F9,793,_02,1989,36,age_04,_04,_01,_01,_05,_05,,,,,,,,,_02,_03,_03,_14,_06,_03,,,,,,,,,,,,,,,,,,,,,,_02,_02,_03,_04,_04,_02,_04,_01,_02,_02,_03,_03,_03,_03,_03,_04,none,,,,,,,,,,,,,,,,No,_03,company_02,_01,_05,_06,_02,_02,,,,,,_03,,,,,,,,,,,,,,,,,,,,,,,,,,,,,,,,,
798,gen_pop,M26F16,M26F16,798,_02,1995,30,age_03,_02,_01,_07,_06,_02,_03,,,,,,,,_03,_02,,,,,,,,,,,,,,,,,,,,,,,,,,_04,_04,_04,_02,_01,_03,_04,_04,_03,_02,_03,_01,_02,_03,_03,_01,_07,_02,_06,,,,,,,_03,,,,_04,_03,,No,_07,company_05,_05,_01,_03,_03,_01,,,,,,_02,,,,,,,,,,,,,,,,,,,,,,,,,,,,,,,,,
799,gen_pop,4F1E53,4F1E53,799,_02,1971,54,age_05,_05,_01,_03,_05,_08,,,,,,,,,_03,_02,,,,,,,,,,,,,,,,,,,,,,,,,,_03,_03,_04,_02,_01,_03,_04,_04,_03,_03,_03,_03,_03,_03,_04,_01,_04,_02,,,,,,,,_03,,_03,,,,,No,_08,company_05,_10,_01,_01,_04,_01,,,,,,_02,,,,,,,,,,,,,,,,,,,,,,,,,,,,,,,,,
800,gen_pop,3FCA6J,3FCA6J,800,_01,2000,25,age_03,_03,_01,_03,_06,_03,_04,,,,,,,,_03,_03,_01,_18,_06,,,,,,,,,,,,,,,,,,,,,,,_04,_04,_04,_02,_02,_03,_03,_03,_03,_03,_03,_01,_02,_04,_05,_02,_04,_07,_06,,,,,,,,,_04,,_04,_03,,No,_08,company_05,_04,_01,_02,_04,_01,,,,,,_02,,,,,,,,,,,,,,,,,,,,,,,,,,,,,,,,,
801,gen_pop,KNA9M5,KNA9M5,801,_01,1995,30,age_03,_04,_01,_02,_04,_01,_02,_03,,,,,,,_02,_03,_03,_03,_06,_04,,,,,,,,,,,,,,,,,,,,,,_03,_04,_04,_02,_03,_03,_03,_04,_02,_02,_02,_01,_02,_03,_02,_02,_04,_05,,,,,,,,,,_02,_03,,,,Yes,_08,company_05,_09,_01,_02,_04,_01,,,,,,_02,,,,,,,,,,,,,,,,,,,,,,,,,,,,,,,,,
802,gen_pop,8GFK9K,8GFK9K,802,_02,1999,26,age_03,_03,_01,_03,_07,_06,_08,,,,,,,,_02,_04,_03,_23,_16,_03,,,,,,,,,,,,,,,,,,,,,,_04,_03,_03,_03,_02,_04,_03,_04,_01,_03,_03,_01,_02,_03,_05,_01,_03,_07,_05,,,,,,,,_02,,_03,,_02,,No,_08,company_05,_08,_01,_01,_06,_01,,,,,,_02,,,,,,,,,,,,,,,,,,,,,,,,,,,,,,,,,
803,gen_pop,2FA65I,2FA65I,803,_02,1981,44,age_04,_05,_01,_03,_05,_06,,,,,,,,,_03,_03,_02,_23,_16,_12,,,,,,,,,,,,,,,,,,,,,,_03,_03,_04,_02,_02,_03,_03,_03,_02,_03,_03,_01,_03,_03,_03,_01,_07,,,,,,,,,,,,,,_04,,No,_05,company_03,_05,_01,_03,_06,_01,,,,,,_02,,,,,,,,,,,,,,,,,,,,,,,,,,,,,,,,,
804,gen_pop,K676CD,K676CD,804,_02,1976,49,age_05,_05,_01,_02,_04,_03,_04,,,,,,,,_03,_02,,,,,,,,,,,,,,,,,,,,,,,,,,_03,_03,_03,_03,_01,_03,_03,_03,_02,_03,_03,_03,_03,_03,_02,_02,_02,_01,,,,,,,_04,_05,,,,,,,No,_08,company_05,_08,_01,_01,_05,_01,,,,,,_02,,,,,,,,,,,,,,,,,,,,,,,,,,,,,,,,,
808,gen_pop,ICBI8C,ICBI8C,808,_01,1974,51,age_05,_05,_01,_02,_04,_04,_06,,,,,,,,_04,_02,,,,,,,,,,,,,,,,,,,,,,,,,,_02,_04,_04,_03,_01,_03,_03,_02,_03,_04,_03,_03,_04,_04,_03,_01,_06,_03,,,,,,,,,_04,,,_03,,,Yes,_04,company_03,_02,_01,_03,_07,_01,,,,,,_01,,,,,,,,,,,,,,,,,,,,,,,,,,,,,,,,,
809,gen_pop,KCA5FE,KCA5FE,809,_02,1980,45,age_05,_07,_01,_05,_01,_01,_04,_08,,,,,,,_04,_02,,,,,,,,,,,,,,,,,,,,,,,,,,_04,_03,_03,_02,_02,_03,_02,_03,_03,_03,_03,_03,_02,_03,_03,_01,_04,_02,_05,,,,,,,_03,,_03,_02,,,,Yes,_04,company_03,_04,_01,_02,_09,_01,,,,,,_02,,,,,,,,,,,,,,,,,,,,,,,,,,,,,,,,,
810,gen_pop,NEN31F,NEN31F,810,_02,1985,40,age_04,_05,_01,_03,_07,_08,,,,,,,,,_03,_02,,,,,,,,,,,,,,,,,,,,,,,,,,_04,_04,_03,_03,_02,_03,_04,_03,_02,_03,_04,_02,_02,_04,_03,_02,_04,_06,,,,,,,,,,_02,,_02,,,Yes,_08,company_05,_10,_01,_01,_05,_01,,,,,,_02,,,,,,,,,,,,,,,,,,,,,,,,,,,,,,,,,
813,gen_pop,NF39KL,NF39KL,813,_02,1992,33,age_03,_05,_01,_06,_01,_04,_08,,,,,,,,_02,_02,,,,,,,,,,,,,,,,,,,,,,,,,,_02,_03,_03,_02,_01,_03,_03,_02,_03,_03,_02,_03,_03,_03,_04,_02,_04,_05,_02,,,,,,,_03,,_03,_04,,,,Yes,_03,company_02,_01,_04,_01,_07,_03,,,,,,_02,,,,,,,,,,,,,,,,,,,,,,,,,,,,,,,,,
814,gen_pop,JKK7JJ,JKK7JJ,814,_01,2000,25,age_03,_03,_01,_01,_06,_06,,,,,,,,,_04,_02,,,,,,,,,,,,,,,,,,,,,,,,,,_02,_03,_03,_03,_03,_02,_04,_03,_03,_03,_03,_04,_04,_03,_03,_01,_04,,,,,,,,,,,_04,,,,,No,_03,company_02,_02,_02,_01,_03,_02,,,,,,_01,,,,,,,,,,,,,,,,,,,,,,,,,,,,,,,,,
815,gen_pop,7H2BA6,7H2BA6,815,_01,1996,29,age_03,_02,_01,_06,_05,_06,,,,,,,,,_04,_01,,,,,,,,,,,,,,,,,,,,,,,,,,_03,_03,_02,_03,_04,_03,_03,_03,_03,_03,_02,_02,_03,_03,_03,_01,_02,,,,,,,,,_03,,,,,,,Yes,_03,company_02,_01,_01,_02,_02,_02,,,,,,_01,,,,,,,,,,,,,,,,,,,,,,,,,,,,,,,,,
816,gen_pop,IL9799,IL9799,816,_01,1997,28,age_03,_04,_01,_04,_06,_06,,,,,,,,,_04,_02,,,,,,,,,,,,,,,,,,,,,,,,,,_03,_03,_03,_04,_04,_03,_03,_03,_03,_03,_03,_02,_04,_03,_02,_01,_06,,,,,,,,,,,,,_04,,,No,_02,company_01,_03,_01,_02,_02,_02,,,,,,_02,,,,,,,,,,,,,,,,,,,,,,,,,,,,,,,,,
817,gen_pop,IE798J,IE798J,817,_02,2001,24,age_02,_03,_01,_02,_03,_06,,,,,,,,,_04,_02,,,,,,,,,,,,,,,,,,,,,,,,,,_02,_02,_03,_02,_03,_03,_03,_01,_03,_02,_03,_02,_03,_04,_04,_01,_04,,,,,,,,,,,_03,,,,,Yes,_02,company_01,_02,_01,_02,_03,_02,,,,,,_02,,,,,,,,,,,,,,,,,,,,,,,,,,,,,,,,,
818,gen_pop,CLIL1I,CLIL1I,818,_01,1999,26,age_03,_02,_01,_02,_02,_06,,,,,,,,,_04,_03,_03,_12,,,,,,,,,,,,,,,,,,,,,,,,_03,_03,_03,_04,_04,_02,_03,_02,_03,_03,_03,_03,_03,_03,_03,_02,_06,,,,,,,,,,,,,_04,,,No,_02,company_01,_01,_03,_01,_01,_02,,,,,,_01,,,,,,,,,,,,,,,,,,,,,,,,,,,,,,,,,
819,gen_pop,AB9B36,AB9B36,819,_02,1970,55,age_06,_05,_04,_03,_06,_04,,,,,,,,,_03,_02,,,,,,,,,,,,,,,,,,,,,,,,,,_03,_03,_03,_04,_03,_03,_04,_03,_03,_04,_04,_04,_03,_03,_04,_01,_07,,,,,,,,,,,,,,_04,,No,_04,company_03,_01,_01,_03,_02,none,,,,,,_01,,,,,,,,,,,,,,,,,,,,,,,,,,,,,,,,,
822,gen_pop,6MIEC1,6MIEC1,822,_02,1991,34,age_03,_03,_02,_01,_07,_06,,,,,,,,,_03,_03,_03,_24,_07,,,,,,,,,,,,,,,,,,,,,,,_03,_03,_04,_02,_04,_01,_03,_03,_03,_04,_04,_03,_03,_04,_03,_02,_03,_01,,,,,,,_05,,_04,,,,,,No,_01,company_01,_01,_02,_01,_01,_01,,,,,,_01,,,,,,,,,,,,,,,,,,,,,,,,,,,,,,,,,
826,gen_pop,CC61LA,CC61LA,826,_02,1990,35,age_04,_05,_01,_03,_04,_04,,,,,,,,,_04,_02,,,,,,,,,,,,,,,,,,,,,,,,,,_02,_03,_03,_03,_01,_02,_02,_03,_03,_03,_03,_03,_03,_03,_04,_01,_05,_04,_03,,,,,,,,_04,_04,_04,,,,Yes,_04,company_03,_04,_01,_02,_04,_01,,,,,,_02,,,,,,,,,,,,,,,,,,,,,,,,,,,,,,,,,
844,gen_pop,2BLNNL,2BLNNL,844,_02,2000,25,age_03,_03,_02,_03,_01,_01,_02,_03,,,,,,,_05,_02,,,,,,,,,,,,,,,,,,,,,,,,,,_03,_04,_04,_02,_03,_04,_02,_03,_04,_03,_04,_03,_04,_04,_04,_01,_01,_05,,,,,,,_03,,,,_02,,,,Yes,_04,company_03,_03,_02,_01,_06,_01,,,,,,_02,,,,,,,,,,,,,,,,,,,,,,,,,,,,,,,,,
846,gen_pop,A2BL66,A2BL66,846,_01,1980,45,age_05,_04,_01,_03,_04,_04,,,,,,,,,_03,_02,,,,,,,,,,,,,,,,,,,,,,,,,,_03,_02,_02,_03,_03,_02,_03,_02,_03,_03,_03,_03,_03,_03,_03,_01,_04,,,,,,,,,,,_03,,,,,No,_03,company_02,_03,_01,_02,_03,_01,,,,,,_01,,,,,,,,,,,,,,,,,,,,,,,,,,,,,,,,,
848,gen_pop,J4J4LK,J4J4LK,848,_02,1996,29,age_03,_05,_01,_03,_04,_01,_04,_06,,,,,,,_04,_02,,,,,,,,,,,,,,,,,,,,,,,,,,_03,_03,_04,_04,_02,_03,_03,_03,_04,_03,_04,_04,_04,_04,_03,_01,_02,_05,,,,,,,,_04,,,_03,,,,Yes,_01,company_01,_05,_01,_02,_06,_01,,,,,,_02,,,,,,,,,,,,,,,,,,,,,,,,,,,,,,,,,
849,gen_pop,36CD2L,36CD2L,849,_02,1970,55,age_06,_05,_02,_02,_05,_06,_08,,,,,,,,_03,_02,,,,,,,,,,,,,,,,,,,,,,,,,,_02,_03,_03,_03,_04,_03,_02,_03,_03,_03,_03,_03,_03,_03,_04,_02,_02,_01,_03,,,,,,_04,_03,_04,,,,,,Yes,_04,company_03,_04,_01,_03,_04,_01,,,,,,_01,,,,,,,,,,,,,,,,,,,,,,,,,,,,,,,,,
850,gen_pop,32NE82,32NE82,850,_02,1979,46,age_05,_05,_01,_01,_04,_08,,,,,,,,,_04,_01,,,,,,,,,,,,,,,,,,,,,,,,,,_02,_04,_03,_02,_03,_03,_02,_02,_03,_04,_03,_03,_03,_04,_02,_01,_04,_03,_02,,,,,,,_04,_04,_03,,,,,Yes,_03,company_02,_02,_04,_01,_03,_04,,,,,,_01,,,,,,,,,,,,,,,,,,,,,,,,,,,,,,,,,
851,gen_pop,F8C4FC,F8C4FC,851,_02,1981,44,age_04,_04,_01,_04,_07,_08,,,,,,,,,_02,_03,_01,_02,_04,,,,,,,,,,,,,,,,,,,,,,,_02,_03,_03,_03,_04,_02,_03,_03,_03,_03,_03,_02,_02,_03,_04,_01,_05,_07,,,,,,,,,,,_03,,_04,,No,_03,company_02,_04,_01,_01,_03,_03,,,,,,_01,,,,,,,,,,,,,,,,,,,,,,,,,,,,,,,,,
852,gen_pop,NAAAF1,NAAAF1,852,_01,1993,32,age_03,_02,_06,,,,,,,,,,,,,,,,,,,,,,,,,,,,,,,,,,,,,,,_03,_03,_03,_03,_03,_03,_03,_03,_03,_03,_03,_01,_02,_04,_02,_01,none,,,,,,,,,,,,,,,,No,_02,company_01,_02,_03,_01,_02,_01,,,,,,_02,,,,,,,,,,,,,,,,,,,,,,,,,,,,,,,,,
853,gen_pop,1IMBD9,1IMBD9,853,_02,1996,29,age_03,_03,_01,_02,_06,_02,_05,,,,,,,,_03,_02,,,,,,,,,,,,,,,,,,,,,,,,,,_02,_03,_03,_03,_03,_03,_02,_02,_03,_04,_03,_03,_02,_03,_03,_02,_03,,,,,,,,,,_03,,,,,,No,_03,company_02,_04,_03,_01,_03,_05,,,,,,_01,,,,,,,,,,,,,,,,,,,,,,,,,,,,,,,,,
854,gen_pop,GNCMJD,GNCMJD,854,_01,1981,44,age_04,_04,_02,_03,_05,_06,,,,,,,,,_03,_02,,,,,,,,,,,,,,,,,,,,,,,,,,_03,_02,_03,_03,_04,_03,_03,_02,_03,_03,_04,_03,_02,_04,_02,_01,_05,,,,,,,,,,,,_05,,,,No,_03,company_02,_04,_01,_03,_03,_01,,,,,,_01,,,,,,,,,,,,,,,,,,,,,,,,,,,,,,,,,
855,gen_pop,JG8KH2,JG8KH2,855,_02,1974,51,age_05,_05,_02,_07,_05,_03,,,,,,,,,_04,_03,_01,_07,,,,,,,,,,,,,,,,,,,,,,,,_03,_03,_03,_03,_03,_02,_02,_03,_03,_03,_03,_02,_02,_04,_02,_01,_06,,,,,,,,,,,,,_05,,,No,_03,company_02,_04,_01,_01,_03,_03,,,,,,_01,,,,,,,,,,,,,,,,,,,,,,,,,,,,,,,,,
856,gen_pop,D97AB7,D97AB7,856,_01,1967,58,age_06,_06,_04,_06,_05,_06,,,,,,,,,_04,_01,,,,,,,,,,,,,,,,,,,,,,,,,,_03,_03,_04,_03,_04,_02,_02,_03,_04,_03,_03,_03,_02,_04,_03,_01,none,,,,,,,,,,,,,,,,Yes,_05,company_03,_05,_01,_03,_05,_01,,,,,,_01,,,,,,,,,,,,,,,,,,,,,,,,,,,,,,,,,
860,gen_pop,NEECL8,NEECL8,860,_01,1973,52,age_05,_05,_01,_05,_04,_01,_04,,,,,,,,_04,_02,,,,,,,,,,,,,,,,,,,,,,,,,,_02,_03,_04,_03,_02,_01,_03,_03,_04,_04,_03,_04,_02,_03,_03,_02,_05,_07,_04,,,,,,,,,_04,_04,,_05,,No,_07,company_05,_07,_01,_03,_04,_02,_04,,,,,_01,,,,,,,,,,,,,,,,,,,,,,,,,,,,,,,,,
861,gen_pop,KLN466,KLN466,861,_02,1980,45,age_05,_06,_01,_02,_02,_01,_02,_03,_04,_05,,,,,_03,_02,,,,,,,,,,,,,,,,,,,,,,,,,,_04,_04,_04,_02,_03,_03,_04,_03,_03,_04,_04,_03,_03,_03,_04,_02,_02,_05,_04,_03,_07,,,,,_03,_05,_03,_04,,_05,,Yes,_04,company_03,_05,_04,_01,_01,_01,,,,,,_03,,,,,,,,,,,,,,,,,,,,,,,,,,,,,,,,,
862,gen_pop,GHF49K,GHF49K,862,_02,1983,42,age_04,_03,_02,_01,_01,_04,,,,,,,,,_04,_02,,,,,,,,,,,,,,,,,,,,,,,,,,_03,_04,_04,_03,_03,_04,_03,_04,_03,_03,_04,_04,_04,_04,_04,_02,_04,_03,_06,,,,,,,,_05,_04,,_03,,,Yes,_04,company_03,_01,_01,_04,_01,_01,,,,,,_03,,,,,,,,,,,,,,,,,,,,,,,,,,,,,,,,,
863,gen_pop,LJB1FK,LJB1FK,863,_02,1991,34,age_03,_04,_01,_02,_01,_01,,,,,,,,,_04,_02,,,,,,,,,,,,,,,,,,,,,,,,,,_02,_03,_03,_03,_02,_03,_02,_03,_03,_03,_03,_04,_03,_03,_05,_04,_06,,,,,,,,,,,,,_03,,,Yes,_08,company_05,_04,_01,_03,_04,_01,,,,,,_03,,,,,,,,,,,,,,,,,,,,,,,,,,,,,,,,,
864,gen_pop,D1IH3H,D1IH3H,864,_02,1994,31,age_03,_04,_03,_02,_03,_02,,,,,,,,,_02,_04,_02,_18,_16,_04,_21,_11,,,,,,,,,,,,,,,,,,,,_03,_03,_04,_04,_04,_03,_03,_04,_03,_03,_02,_02,_03,_03,_03,_02,_01,,,,,,,,_03,,,,,,,,Yes,_03,company_02,_02,_03,_02,_01,_01,,,,,,_03,,,,,,,,,,,,,,,,,,,,,,,,,,,,,,,,,
866,gen_pop,K2NM44,K2NM44,866,_02,1990,35,age_04,_05,_01,_04,_02,_03,,,,,,,,,_05,_02,,,,,,,,,,,,,,,,,,,,,,,,,,_04,_04,_04,_03,_03,_03,_03,_04,_04,_04,_04,_04,_04,_04,_04,_02,_06,_02,_01,,,,,,_05,_04,,,,_03,,,Yes,_05,company_03,_05,_01,_03,_01,_01,,,,,,_03,,,,,,,,,,,,,,,,,,,,,,,,,,,,,,,,,
897,gen_pop,K48C4M,K48C4M,897,_01,2001,24,age_02,_03,_01,_06,_04,_04,,,,,,,,,_03,_03,_03,_02,,,,,,,,,,,,,,,,,,,,,,,,_02,_02,_02,_02,_02,_02,_02,_03,_03,_03,_03,_03,_02,_03,_03,_01,_03,,,,,,,,,,_04,,,,,,No,_03,company_02,_03,_01,_01,_03,_03,,,,,,_02,,,,,,,,,,,,,,,,,,,,,,,,,,,,,,,,,
901,gen_pop,F25A8D,F25A8D,901,_01,1994,31,age_03,_05,_01,_02,_04,_02,_03,_04,,,,,,,_04,_02,,,,,,,,,,,,,,,,,,,,,,,,,,_03,_03,_03,_03,_01,_01,_03,_03,_03,_04,_04,_04,_03,_04,_03,_02,_07,_06,_05,_02,_04,,,,,_04,,_03,_05,_05,_03,,No,_06,company_04,_08,_01,_01,_05,_02,,,,,,_02,,,,,,,,,,,,,,,,,,,,,,,,,,,,,,,,,
904,gen_pop,JNK8J7,JNK8J7,904,_02,1989,36,age_04,_05,_01,_02,_07,_04,,,,,,,,,_04,_03,_03,_03,_02,_24,_18,,,,,,,,,,,,,,,,,,,,,_03,_04,_04,_03,_03,_02,_03,_03,_02,_03,_03,_02,_03,_03,_03,_01,_04,_03,_07,,,,,,,,_04,_03,,,_03,,No,_07,company_05,_08,_01,_01,_08,_01,,,,,,_02,,,,,,,,,,,,,,,,,,,,,,,,,,,,,,,,,
909,gen_pop,IK9BJB,IK9BJB,909,_01,1991,34,age_03,_05,_01,_05,_05,_06,,,,,,,,,_04,_02,,,,,,,,,,,,,,,,,,,,,,,,,,_01,_01,_01,_01,_01,_01,_02,_01,_04,_04,_04,_03,_04,_03,_04,_01,_03,_05,,,,,,,,,_05,,_05,,,,No,_08,company_05,_10,_01,_03,_06,_03,,,,,,_02,,,,,,,,,,,,,,,,,,,,,,,,,,,,,,,,,
913,gen_pop,C6LAE5,C6LAE5,913,_02,1983,42,age_04,_03,_01,_01,_04,_08,,,,,,,,,_04,_05,_03,_Other,,,,,,,,,,,,,,,,,,,,,,,,_02,_04,_02,_02,_02,_01,_02,_01,_04,_03,_04,_03,_04,_04,_03,_02,_06,_07,,,,,,,,,,,,_03,_03,,No,_06,company_04,_08,_01,_02,_07,_01,,,,,,_02,,,,,,,,,,,,,,,,,,,,,,,,,,,,,,,,,
914,gen_pop,DA2DG3,DA2DG3,914,_02,1995,30,age_03,_03,_01,_Other,_07,_02,_04,_07,,,,,,,_03,_03,_01,_16,_18,_21,_10,_09,,,,,,,,,,,,,,,,,,,,_04,_04,_04,_04,_02,_02,_04,_04,_04,_04,_04,_04,_04,_04,_02,_02,_07,_05,_Other,,,,,,,,,,_05,,_05,_05,No,_08,company_05,_10,_01,_03,_04,_01,,,,,,_01,,,,,,,,,,,,,,,,,,,,,,,,,,,,,,,,,
916,gen_pop,74MGJN,74MGJN,916,_02,1997,28,age_03,_02,_01,_02,_04,_03,,,,,,,,,_04,_01,,,,,,,,,,,,,,,,,,,,,,,,,,_02,_03,_02,_03,_02,_02,_03,_01,_03,_04,_03,_03,_03,_03,_02,_01,_06,,,,,,,,,,,,,_03,,,No,_03,company_02,_05,_03,_01,_07,_01,,,,,,_02,,,,,,,,,,,,,,,,,,,,,,,,,,,,,,,,,
924,gen_pop,CNFCBN,CNFCBN,924,_02,1978,47,age_05,_07,_01,_Other,_02,_01,_06,_08,_Other,,,,,,_03,_03,_01,_03,_10,_09,_01,_18,,,,,,,,,,,,,,,,,,,,_03,_04,_03,_04,_01,_03,_04,_03,_04,_04,_04,_04,_04,_04,_03,_02,_07,_05,_03,,,,,,,,_04,,_04,,_04,,No,_07,company_05,_04,_01,_03,_09,_01,,,,,,_02,,,,,,,,,,,,,,,,,,,,,,,,,,,,,,,,,
926,gen_pop,1M14IF,1M14IF,926,_02,1993,32,age_03,_03,_01,_05,_06,_04,,,,,,,,,_04,_02,,,,,,,,,,,,,,,,,,,,,,,,,,_03,_04,_04,_03,_02,_03,_03,_03,_03,_03,_04,_03,_03,_03,_02,_01,_02,_05,,,,,,,,_04,,,_04,,,,No,_06,company_04,_04,_04,_01,_05,_01,,,,,,_02,,,,,,,,,,,,,,,,,,,,,,,,,,,,,,,,,
927,gen_pop,H4D857,H4D857,927,_02,1968,57,age_06,_06,_01,_03,_04,_05,,,,,,,,,_03,_03,_03,_10,_13,_09,_02,_18,,,,,,,,,,,,,,,,,,,,_03,_04,_03,_04,_01,_03,_04,_03,_04,_03,_03,_04,_04,_04,_03,_01,_03,,,,,,,,,,_02,,,,,,No,_06,company_04,_07,_01,_01,_06,_01,,,,,,_02,,,,,,,,,,,,,,,,,,,,,,,,,,,,,,,,,
928,gen_pop,FM9KLI,FM9KLI,928,_02,1981,44,age_04,_07,_01,_04,_04,_06,,,,,,,,,_04,_02,,,,,,,,,,,,,,,,,,,,,,,,,,_04,_04,_04,_04,_01,_03,_04,_03,_04,_04,_04,_04,_04,_04,_02,_01,_01,_06,_05,_03,,,,,_05,,_05,,_05,_05,,,Yes,_08,company_05,_10,_04,_04,_07,_01,,,,,,_02,,,,,,,,,,,,,,,,,,,,,,,,,,,,,,,,,
930,gen_pop,4LMLED,4LMLED,930,_02,1980,45,age_05,_07,_01,_02,_03,_03,,,,,,,,,_04,_03,_03,_06,_09,_10,_11,,,,,,,,,,,,,,,,,,,,,_04,_04,_04,_04,_02,_03,_04,_04,_04,_04,_04,_04,_04,_04,_02,_01,_06,_01,_05,,,,,,_03,,,,_03,_02,,,No,_04,company_03,_06,_01,_03,_08,_01,,,,,,_02,,,,,,,,,,,,,,,,,,,,,,,,,,,,,,,,,
932,gen_pop,522CHM,522CHM,932,_02,1971,54,age_05,_05,_01,_02,_04,_02,,,,,,,,,_04,_02,,,,,,,,,,,,,,,,,,,,,,,,,,_03,_04,_03,_02,_02,_02,_03,_01,_04,_03,_04,_04,_04,_04,_03,_01,_07,_06,_05,,,,,,,,,,_05,_05,_04,,Yes,_08,company_05,_10,_01,_01,_06,_01,,,,,,_02,,,,,,,,,,,,,,,,,,,,,,,,,,,,,,,,,
939,gen_pop,3DGJ93,3DGJ93,939,_02,1969,56,age_06,_03,_01,_04,_07,_04,_06,_08,,,,,,,_03,_03,_03,_09,_10,_20,_13,_02,,,,,,,,,,,,,,,,,,,,_03,_04,_04,_04,_02,_03,_04,_03,_03,_03,_03,_02,_02,_04,_05,_02,_04,_03,_05,,,,,,,,_02,_02,_02,,,,No,_08,company_05,_10,_04,_01,_05,_01,,,,,,_02,,,,,,,,,,,,,,,,,,,,,,,,,,,,,,,,,
943,gen_pop,J4L2BG,J4L2BG,943,_02,1971,54,age_05,_07,_01,_03,_02,_01,,,,,,,,,_05,_02,,,,,,,,,,,,,,,,,,,,,,,,,,_03,_04,_04,_03,_01,_02,_04,_02,_04,_04,_04,_04,_04,_03,_03,_01,_01,_02,_05,_06,,,,,_03,_03,,,_02,_02,,,No,_06,company_04,_05,_01,_01,_09,_01,,,,,,_02,,,,,,,,,,,,,,,,,,,,,,,,,,,,,,,,,
944,gen_pop,N82N95,N82N95,944,_02,1987,38,age_04,_05,_01,_Other,_01,_01,_03,,,,,,,,_04,_03,_01,_10,_13,_03,_04,_06,_11,_02,,,,,,,,,,,,,,,,,,_03,_03,_04,_03,_01,_01,_03,_03,_04,_04,_04,_04,_04,_04,_05,_01,_07,_05,_06,,,,,,,,,,_05,_04,_03,,Yes,_04,company_03,_08,_01,_03,_09,_01,,,,,,_02,,,,,,,,,,,,,,,,,,,,,,,,,,,,,,,,,
945,gen_pop,B5MCA8,B5MCA8,945,_02,1977,48,age_05,_07,_01,_02,_Other,_02,,,,,,,,,_04,_02,,,,,,,,,,,,,,,,,,,,,,,,,,_03,_04,_03,_03,_01,_03,_03,_02,_04,_04,_04,_04,_04,_04,_04,_01,_05,_06,,,,,,,,,,,_03,_03,,,No,_08,company_05,_10,_04,_01,_05,_01,,,,,,_02,,,,,,,,,,,,,,,,,,,,,,,,,,,,,,,,,
948,gen_pop,G67KHF,G67KHF,948,_02,1984,41,age_04,_04,_01,_03,_Other,_02,,,,,,,,,_03,_02,,,,,,,,,,,,,,,,,,,,,,,,,,_04,_04,_04,_03,_02,_02,_03,_04,_02,_03,_03,_02,_02,_04,_01,_01,_06,_05,,,,,,,,,,,_04,_04,,,No,_03,company_02,_03,_04,_01,_05,_01,,,,,,_02,,,,,,,,,,,,,,,,,,,,,,,,,,,,,,,,,
951,gen_pop,5N8EDI,5N8EDI,951,_02,1968,57,age_06,_07,_01,_02,_03,_01,,,,,,,,,_02,_05,_03,_05,_09,_13,_08,_03,_11,_19,_10,,,,,,,,,,,,,,,,,_04,_03,_04,_02,_01,_01,_03,_03,_04,_04,_04,_04,_03,_04,_02,_01,_06,_07,_05,,,,,,,,,,_04,_03,_04,,Yes,_05,company_03,_08,_04,_01,_09,_01,_04,,,,,_02,,,,,,,,,,,,,,,,,,,,,,,,,,,,,,,,,
952,gen_pop,16LK4D,16LK4D,952,_02,1978,47,age_05,_06,_01,_01,_01,_01,_02,_03,_04,_06,_08,,,,_04,_02,,,,,,,,,,,,,,,,,,,,,,,,,,_02,_04,_02,_02,_01,_03,_03,_01,_04,_04,_01,_04,_04,_04,_05,_02,_05,_06,_04,_07,_03,_01,,,_04,,_03,_04,_03,_04,_02,,Yes,_02,company_01,_03,_01,_01,_06,_01,,,,,,_02,,,,,,,,,,,,,,,,,,,,,,,,,,,,,,,,,
956,gen_pop,G1A397,G1A397,956,_02,1992,33,age_03,_04,_01,_01,_04,_01,_04,,,,,,,,_04,_02,,,,,,,,,,,,,,,,,,,,,,,,,,_03,_04,_03,_03,_02,_02,_04,_04,_03,_03,_03,_03,_03,_04,_04,_01,_03,_02,_06,_05,,,,,,_03,_03,,_03,_03,,,No,_02,company_01,_03,_03,_01,_06,_01,,,,,,_01,,,,,,,,,,,,,,,,,,,,,,,,,,,,,,,,,
960,gen_pop,B5HGM6,B5HGM6,960,_02,1959,66,age_07,_05,_01,_Other,_05,_04,,,,,,,,,_04,_03,_02,_Other,,,,,,,,,,,,,,,,,,,,,,,,_03,_03,_04,_02,_01,_01,_04,_04,_03,_01,_03,_02,_03,_04,_04,_01,_01,_05,_06,_03,,,,,_03,,_04,,_04,_04,,,No,_02,company_01,_03,_04,_01,_06,_01,,,,,,_02,,,,,,,,,,,,,,,,,,,,,,,,,,,,,,,,,
961,gen_pop,G2HG9N,G2HG9N,961,_02,1994,31,age_03,_02,_01,_01,_Other,_03,,,,,,,,,_04,_02,,,,,,,,,,,,,,,,,,,,,,,,,,_04,_04,_04,_04,_02,_02,_04,_03,_04,_04,_04,_04,_04,_04,_04,_01,_06,_02,_03,_07,_04,,,,,_03,_03,_04,,_04,_04,,No,_03,company_02,_02,_04,_01,_01,_03,,,,,,_03,,,,,,,,,,,,,,,,,,,,,,,,,,,,,,,,,
962,gen_pop,6I26GH,6I26GH,962,_02,1988,37,age_04,_04,_01,_02,_05,_06,,,,,,,,,_03,_04,_01,_13,_18,_11,_03,,,,,,,,,,,,,,,,,,,,,_04,_04,_04,_03,_02,_04,_04,_04,_04,_04,_03,_03,_04,_03,_02,_02,_02,_03,,,,,,,,_04,_04,,,,,,No,_07,company_05,_08,_01,_01,_08,_01,,,,,,_01,,,,,,,,,,,,,,,,,,,,,,,,,,,,,,,,,
966,gen_pop,IAECJ8,IAECJ8,966,_02,1968,57,age_06,_07,_01,_03,_04,_02,,,,,,,,,_04,_01,,,,,,,,,,,,,,,,,,,,,,,,,,_03,_04,_04,_03,_01,_03,_04,_01,_04,_04,_04,_04,_04,_04,_02,_01,_04,_03,_02,_05,_06,_01,,,_04,_04,_03,_03,_05,_05,,,No,_08,company_05,_10,_01,_01,_09,_01,,,,,,_02,,,,,,,,,,,,,,,,,,,,,,,,,,,,,,,,,
968,gen_pop,3E71EF,3E71EF,968,_02,1976,49,age_05,_05,_01,_02,_04,_08,,,,,,,,,_04,_03,_03,_02,_10,_18,,,,,,,,,,,,,,,,,,,,,,_04,_04,_04,_04,_02,_02,_04,_04,_04,_04,_03,_04,_04,_04,_02,_01,_01,_05,_02,_04,_07,,,,_05,_05,,_05,_05,,_05,,No,_08,company_05,_10,_01,_01,_06,_02,,,,,,_02,,,,,,,,,,,,,,,,,,,,,,,,,,,,,,,,,
970,gen_pop,FCC51M,FCC51M,970,_02,1971,54,age_05,_04,_01,_02,_Other,_03,_04,,,,,,,,_03,_03,_01,_Other,,,,,,,,,,,,,,,,,,,,,,,,_02,_02,_02,_03,_03,_03,_03,_01,_04,_04,_04,_04,_04,_04,_02,_02,_03,_05,_07,,,,,,,,_05,,_05,,_05,,No,_06,company_04,_07,_04,_01,_05,_03,,,,,,_02,,,,,,,,,,,,,,,,,,,,,,,,,,,,,,,,,
976,gen_pop,K2JMN9,K2JMN9,976,_01,1987,38,age_04,_04,_01,_04,_06,_01,_08,,,,,,,,_04,_02,,,,,,,,,,,,,,,,,,,,,,,,,,_03,_01,_03,_04,_04,_04,_03,_04,_04,_03,_04,_02,_02,_04,_01,_01,_04,_05,,,,,,,,,,_04,_03,,,,Yes,_06,company_04,_03,_01,_03,_04,_01,,,,,,_01,,,,,,,,,,,,,,,,,,,,,,,,,,,,,,,,,
977,gen_pop,D2NHJN,D2NHJN,977,_02,1987,38,age_04,_03,_01,_02,_03,_01,_06,,,,,,,,_03,_03,_03,_19,_05,_12,_02,,,,,,,,,,,,,,,,,,,,,_02,_03,_03,_02,_03,_02,_03,_03,_02,_03,_03,_02,_03,_02,_03,_02,_04,_06,,,,,,,,,,_02,,_03,,,Yes,_07,company_05,_05,_01,_03,_06,_01,,,,,,_01,,,,,,,,,,,,,,,,,,,,,,,,,,,,,,,,,
979,gen_pop,CMA2HD,CMA2HD,979,_01,1995,30,age_03,_04,_01,_02,_07,_06,,,,,,,,,_03,_02,,,,,,,,,,,,,,,,,,,,,,,,,,_03,_04,_03,_03,_01,_02,_02,_02,_03,_04,_04,_03,_03,_03,_05,_02,_06,_05,,,,,,,,,,,_05,_05,,,No,_07,company_05,_10,_01,_01,_08,_03,_05,,,,,_01,,,,,,,,,,,,,,,,,,,,,,,,,,,,,,,,,
982,gen_pop,5L3MLG,5L3MLG,982,_01,1988,37,age_04,_05,_01,_03,_04,_04,_05,_07,,,,,,,_03,_02,,,,,,,,,,,,,,,,,,,,,,,,,,_02,_04,_04,_04,_02,_03,_03,_02,_04,_04,_03,_04,_04,_04,_02,_01,_06,_05,_07,,,,,,,,,,_02,_02,_02,,No,_04,company_03,_03,_05,_06,_10,_02,,,,,,_02,,,,,,,,,,,,,,,,,,,,,,,,,,,,,,,,,
993,gen_pop,F8L4D9,F8L4D9,993,_02,1986,39,age_04,_05,_01,_02,_04,_Other,,,,,,,,,_03,_05,_03,_03,_10,,,,,,,,,,,,,,,,,,,,,,,_04,_04,_04,_04,_02,_04,_04,_04,_03,_03,_03,_03,_03,_04,_04,_02,_04,_05,_02,_03,_06,,,,,_03,_03,_03,_03,_05,,,No,_08,company_05,_10,_04,_01,_03,_01,,,,,,_02,,,,,,,,,,,,,,,,,,,,,,,,,,,,,,,,,
994,gen_pop,EI6C33,EI6C33,994,_02,1951,74,age_07,_07,_01,_Other,_01,_01,,,,,,,,,_05,_01,,,,,,,,,,,,,,,,,,,,,,,,,,_03,_04,_04,_03,_02,_03,_03,_03,_04,_04,_04,_04,_04,_04,_07,_04,_04,_05,_06,_07,,,,,,,,_04,_05,_05,_05,,Yes,_02,company_01,_02,_04,_01,_07,_01,,,,,,_02,,,,,,,,,,,,,,,,,,,,,,,,,,,,,,,,,
995,gen_pop,7F1AF1,7F1AF1,995,_01,1988,37,age_04,_03,_01,_01,_05,_02,_06,,,,,,,,_03,_03,_01,_09,_02,_03,,,,,,,,,,,,,,,,,,,,,,_04,_04,_04,_03,_02,_03,_04,_04,_03,_03,_04,_03,_03,_04,_03,_01,_05,_06,_02,,,,,,,_05,,,_03,_03,,,No,_05,company_03,_05,_01,_02,_07,_04,,,,,,_02,,,,,,,,,,,,,,,,,,,,,,,,,,,,,,,,,
996,gen_pop,2KN83F,2KN83F,996,_02,1973,52,age_05,_07,_01,_02,_05,_Other,,,,,,,,,_05,_01,,,,,,,,,,,,,,,,,,,,,,,,,,_02,_03,_03,_01,_01,_03,_03,_01,_04,_04,_04,_04,_04,_04,_02,_01,_06,_05,_07,,,,,,,,,,_04,_04,_04,,No,_04,company_03,_08,_01,_01,_09,_01,,,,,,_02,,,,,,,,,,,,,,,,,,,,,,,,,,,,,,,,,
1000,gen_pop,7HJG7N,7HJG7N,1000,_02,1990,35,age_04,_05,_01,_06,_04,_02,_04,,,,,,,,_03,_03,_03,_16,_09,,,,,,,,,,,,,,,,,,,,,,,_03,_04,_04,_02,_01,_04,_04,_03,_04,_03,_03,_03,_03,_04,_03,_01,_07,_06,_05,_03,,,,,,,_03,,_03,_03,_03,,No,_03,company_02,_04,_04,_01,_06,_02,,,,,,_01,,,,,,,,,,,,,,,,,,,,,,,,,,,,,,,,,
1011,gen_pop,CCD48H,CCD48H,1011,_02,1978,47,age_05,_06,_01,_02,_02,_01,,,,,,,,,_03,_03,_03,_18,_16,_02,_04,,,,,,,,,,,,,,,,,,,,,_03,_04,_04,_04,_01,_01,_04,_03,_04,_04,_03,_03,_04,_04,_02,_01,_06,_05,,,,,,,,,,,_03,_03,,,Yes,_06,company_04,_07,_01,_01,_07,_01,,,,,,_03,,,,,,,,,,,,,,,,,,,,,,,,,,,,,,,,,
1013,gen_pop,7I584L,7I584L,1013,_02,1980,45,age_05,_06,_01,_02,_05,_02,_03,_05,_06,,,,,,_05,_01,,,,,,,,,,,,,,,,,,,,,,,,,,_04,_04,_04,_03,_01,_03,_03,_02,_04,_04,_04,_04,_04,_04,_04,_01,_03,_06,,,,,,,,,_05,,,_05,,,No,_08,company_05,_10,_04,_01,_02,_03,,,,,,_01,,,,,,,,,,,,,,,,,,,,,,,,,,,,,,,,,
1016,gen_pop,E19GJN,E19GJN,1016,_02,1990,35,age_04,_06,_01,_02,_04,_03,,,,,,,,,_03,_01,,,,,,,,,,,,,,,,,,,,,,,,,,_03,_04,_04,_04,_01,_03,_04,_03,_04,_03,_04,_04,_04,_04,_02,_02,_06,_05,_Other,,,,,,,,,,_03,_03,,_03,No,_08,company_05,_09,_04,_02,_06,_01,,,,,,_02,,,,,,,,,,,,,,,,,,,,,,,,,,,,,,,,,
1021,gen_pop,L68NEJ,L68NEJ,1021,_02,1986,39,age_04,_03,_02,_04,_04,_02,_06,,,,,,,,_03,_02,,,,,,,,,,,,,,,,,,,,,,,,,,_03,_02,_03,_04,_04,_03,_03,_03,_03,_04,_04,_03,_03,_03,_04,_02,_02,_07,,,,,,,,_03,,,,,_02,,Yes,_05,company_03,_06,_03,_03,_06,_02,_04,,,,,_01,,,,,,,,,,,,,,,,,,,,,,,,,,,,,,,,,
1022,gen_pop,3GB73K,3GB73K,1022,_01,1981,44,age_04,_06,_01,_04,_03,_04,_06,_07,,,,,,,_04,_03,_01,_04,_02,_09,_Other,,,,,,,,,,,,,,,,,,,,,_02,_03,_03,_02,_02,_03,_03,_02,_04,_04,_04,_04,_03,_04,_04,_01,_07,_06,_01,_03,_05,,,,_04,,_05,,_04,_03,_03,,No,_08,company_05,_10,_01,_01,_07,_01,,,,,,_02,,,,,,,,,,,,,,,,,,,,,,,,,,,,,,,,,
1027,gen_pop,162BMM,162BMM,1027,_02,1979,46,age_05,_06,_01,_02,_04,_02,,,,,,,,,_05,_01,,,,,,,,,,,,,,,,,,,,,,,,,,_02,_04,_04,_03,_01,_01,_02,_02,_04,_04,_04,_04,_04,_04,_01,_01,_07,_05,_06,_Other,,,,,,,,,_04,_04,_04,_05,Yes,_02,company_01,_05,_01,_02,_05,_01,,,,,,_02,,,,,,,,,,,,,,,,,,,,,,,,,,,,,,,,,
